"","CommunicationServicesAvg","IndustrialsAvg","UtilitiesAvg","EnergyAvg","FinancialsAvg","InformationTechAvg","ConsumerDiscretionaryAvg","RealEstateAvg","HealthcareAvg","MaterialsAvg","ConsumerStaplesAvg"
"1",89.7864089445634,110.174906654358,56.1006969583446,46.4248596688976,102.53180416537,105.599141590412,228.355238455993,102.390456845683,142.431943923708,82.1395067487444,74.4863600344272
"2",89.7930022586476,109.499373219808,56.2800061456088,46.7782496576724,102.058241414352,105.033250882075,225.865916325496,101.429449850513,142.989408841209,81.9213743209839,74.3078506057326
"3",90.1692629727451,109.091421572367,56.1894978819222,46.1627343219259,101.914626296137,104.74606145712,225.16066967524,101.114641989431,142.144461283608,81.9890216759273,74.3756275692502
"4",88.7323778759349,108.316951522827,55.9225711164803,45.7425821967747,101.096263858634,103.067854763911,222.576264977455,99.655812048143,141.674253312368,82.0472273826599,74.1825760506294
"5",88.4047664729032,108.244129244486,54.6942601368345,46.863021062768,100.525004977911,104.008972167969,221.254009998762,97.6933149522351,140.143023097326,81.7568273203713,73.2710363542711
"6",89.2931491678411,108.708243967692,54.8151772597741,46.507405737172,101.222740737485,105.097929250277,224.140644091826,98.611254753605,141.414668491909,82.223281962531,73.4241298469337
"7",89.8353905677795,109.883480580648,55.1214727204422,47.1548798187919,102.199453931459,106.03858771691,226.414884824019,99.1749804096837,142.697098459516,83.2135748522623,73.6978941221494
"8",90.6949425177141,110.070908279419,54.9941801202708,47.1875367371932,103.316600208551,108.018433292095,227.011873318599,99.1410004708074,143.413698256962,83.7939348902021,73.9952688990412
"9",91.4137858910994,109.984592208862,55.5928249687984,45.9536019615505,103.760299454273,108.033242489741,228.26993903747,100.905087624827,143.480007474385,83.5925536496298,74.5103096317601
"10",92.000590801239,110.749478225708,56.0985611882703,46.2482084191364,104.882931333193,108.820161482004,229.799909224877,102.285092415348,145.155859856378,84.3897662162781,75.6026245838887
"11",91.9351348009977,110.361635920207,55.9888459567366,46.4877758440764,105.066004914297,108.788542395372,228.976568313745,101.769095451601,144.299897890242,83.9914767060962,75.3463790996654
"12",91.1011757850647,109.534075291952,56.0468793079771,46.4002275466919,104.271219831117,107.883529149569,228.468354940414,102.217107280608,143.236931013683,83.0944292545318,75.4397036578204
"13",91.5694158293984,109.253375091553,56.1199295109716,46.482061220252,104.762004664247,108.532221456674,228.553601026535,102.813828714432,143.225477733309,82.5185718195779,75.1238050203066
"14",92.6803846792741,108.876960627238,56.2523627774469,47.2063722610474,104.776245224644,109.065059485802,230.143980723161,103.547684084985,143.620508860028,82.2598786013467,75.4622644991488
"15",92.6306741020896,109.473169759115,56.1956516134328,47.2060647632765,105.458880572252,109.3447191972,230.480631993367,102.54353286374,144.340450302003,82.56732743127,75.3860380327379
"16",93.0458732518283,111.304873835246,55.8279030240815,47.4255011599997,106.107617982676,110.590954002967,232.979923119912,102.113849762947,142.834358351571,83.1774985790253,75.7308964600434
"17",92.7613282203674,110.958799133301,55.9408144128734,46.7725583781367,106.003442146409,110.747367521433,232.628094819876,102.256989971284,142.692520928761,83.2043850081308,75.8526219548406
"18",92.5663021261042,111.489066085815,55.6770769316575,46.2730734037316,105.562185918781,109.795097571153,233.55869109814,101.83754041118,141.978355543954,83.6497289112636,76.0017337799072
"19",91.9169018918818,109.929357833862,55.9339190187126,45.4624297100565,104.847245176074,109.65803872622,231.969354647857,101.500016027881,141.830883994935,82.8312180382865,76.135495314727
"20",90.2467935735529,109.863492380778,56.4088493215627,45.5653889697531,105.625079289289,110.014876057551,232.928964963326,101.416838738226,142.944831272912,82.937793799809,76.5946196478766
"21",88.8971882733432,109.941149342855,55.572318142858,45.9256218619969,104.8716090565,109.43470225701,232.288371672997,99.7084583159416,141.4030227207,83.1282889502389,76.055553745579
"22",88.8517343347722,110.013806686401,55.4967647092096,46.1204849326092,105.024594924819,110.384061123775,231.822268742781,99.5652631944226,141.624389920916,82.7900436605726,75.6379719296017
"23",88.8505045283925,111.554233601888,55.2977663566326,46.2340704461802,105.533678793571,110.921529183021,230.348606476417,100.461414983196,142.698452510531,84.5875130380903,75.8732828191809
"24",90.0293396602977,112.649485448202,55.2731347906178,46.4880561413972,105.547800802849,112.73158462231,232.153960869862,100.558719727301,142.930625658187,84.7925267219543,75.7471483075941
"25",90.2303054115989,112.315652008057,55.105033085264,45.6692942329075,105.305135901545,111.48606407459,231.942533593911,99.9698382654498,140.622742001972,84.3196742875235,75.8252059833423
"26",91.3072071942417,112.450194600423,55.3887370537067,45.4827229043712,106.473767535787,112.169853709294,230.415780104124,100.239813404699,141.435049919855,84.5791231904711,76.4659836743329
"27",90.6494076902216,111.88653330485,55.6402172549017,45.0483174531356,105.751460652956,111.578770828247,229.713934797507,100.696857329338,141.983850524539,84.2800080095018,76.3274062904152
"28",90.1664838357405,112.297082621257,55.238187888573,45.9342505413553,105.099305743902,111.191353489802,228.494463920593,101.77351966981,141.851596166217,85.6962546961648,76.2487733170793
"29",89.178954818032,111.252238896688,55.0909659287025,46.026719176251,104.604241465179,109.557134789687,227.691568007836,101.419914307133,140.30829347883,84.6825854437692,75.1294135016364
"30",88.6790419491854,109.198215993245,55.6744755054342,44.7859725122866,103.49175360505,109.159835213881,226.367671948213,102.094642362287,140.793157123384,83.8519603524889,74.5973723128035
"31",88.1158766746521,108.299524586995,55.649511929216,44.1396709110426,102.935605989376,107.108771793659,224.779555421609,102.751544890865,139.627748852684,83.2219497816903,74.5399563248093
"32",85.5953967788003,105.314657872518,54.8418375541424,42.3749299256698,99.5633787907345,103.086329005315,219.320450782776,100.568367650432,135.495755664886,81.6008673395429,72.7850038167592
"33",87.0108872326938,107.603861999512,55.5234300350321,42.1698704595151,101.337685182061,104.909809934176,222.249302231348,101.873919179363,138.198227609907,81.3205630098071,73.4176061475599
"34",87.2937258807096,107.999420776367,55.6426555041609,41.8874833065531,101.724044853533,105.37157259721,224.988713007707,102.93755555922,138.203402897668,82.1660477433886,74.2376878583753
"35",88.7876793254505,110.205761311849,56.2695511785047,43.2202653884888,103.64969339505,108.422477678152,230.591795545358,104.68022700279,140.63265008775,83.9791465146201,75.3456428115432
"36",87.930588202043,109.08781463623,56.2689838409424,42.9266335860543,103.338424951258,107.102945401118,229.092105067693,104.979143696447,140.45879106673,83.4813188484738,74.8770455540837
"37",87.1543549190868,107.69837600708,56.1724637787918,42.474280025648,101.591541370875,105.654804009658,226.187960322087,104.977414377274,138.633528815375,82.2318031447275,74.5084827010696
"38",87.806707165458,108.943782780965,56.2749055993968,42.992834298507,103.130397648878,107.504648487385,229.6086518306,105.035919343272,140.850887949505,83.2381176948547,75.3263925603918
"39",85.1997991041704,105.733115997314,55.7048103069437,41.2127346785172,99.8522843105692,103.987711921105,223.817367957189,103.345774558283,136.494207700094,80.8510429518564,73.9735377543681
"40",85.5195996544577,106.053541285197,56.4884466960512,41.087651418603,100.756429887154,104.172065661504,224.171647466146,104.844404497454,137.12190043737,80.9584647587367,74.8218638961379
"41",86.6761667945168,108.068416366577,56.7178277640507,41.7411821614141,102.290752303432,106.278507658151,226.088311296243,105.554771977086,138.801017185998,82.4369243213108,75.7073952442891
"42",87.7725094448436,109.282793731689,56.9527269231862,42.8349314150603,103.322016648843,107.410357123155,228.680212360162,106.414869862218,140.03307278951,83.0667553288596,77.0116395177068
"43",87.2832583080639,108.684295196533,56.8606705501162,42.4453597276107,102.469308208412,107.001055702796,228.817175397506,105.665590286255,138.691027807811,82.0731113638196,76.1707190436286
"44",87.6604015176947,109.517166849772,57.2908385704304,42.7147019427756,103.346467139016,108.451060163058,230.845733220761,106.227205091907,139.861831710452,82.6271611622402,76.9890435193036
"45",87.4032334414395,109.502043940226,57.2789375370946,42.334702782009,103.539246720327,108.594041927044,231.740193293645,106.612893596772,138.870465354314,82.1646399497986,77.4776408221271
"46",85.4738390228965,106.663806533813,56.5598976858731,40.5976472937542,101.020724054793,105.702406619145,225.367015215067,105.325631572354,135.645666652256,79.98081776074,76.0258042103535
"47",86.9144040021029,107.437574335734,57.2746642540241,40.6884388301683,102.012638280089,106.81672162276,228.025112638107,106.489045235418,136.711326372056,80.2845817804336,76.9510510934366
"48",86.601842880249,107.082476501465,57.3015578039761,40.2935740014781,102.049018832999,106.726993604807,227.73073555873,106.139079863025,135.746892474947,80.2659717287336,76.7799843453072
"49",86.8593443523754,108.042862319946,57.2137129882286,41.1515367756719,102.494482416502,106.473767852783,230.173912690236,106.301019637815,136.512781839522,80.9698417697634,77.5520662874789
"50",88.0238078724254,109.855876744588,57.6286680287328,41.9760516208151,103.406990588551,108.463610032889,232.308388104806,107.027002580704,138.157921685113,81.8937720741544,78.1050228428197
"51",88.0058145089583,110.239539311727,57.6930640648151,41.993913774905,103.635933943198,108.453055235056,229.552562805322,107.105859941052,138.428125018165,82.446833729744,78.1491668288772
"52",87.3919192660939,108.462004343669,58.6238483231643,41.8034005372421,102.936678832685,107.247773801363,227.99495277038,108.252561446159,137.317270233518,82.0546038661684,78.5960684595881
"53",88.8186268372969,109.751342315674,58.709734094554,42.433112061542,104.006320402656,109.029890808692,231.271707167992,108.911822257503,137.223807380313,82.9158589669636,79.2164126731254
"54",89.3888138424267,111.745777359009,57.9961997722757,43.0383875888327,105.704175398383,111.245656042833,232.531321543914,107.888627759872,138.898049596756,83.1354237965174,78.948742995391
"55",89.4017081694169,111.870292841593,57.7007174327456,43.155846927477,106.045090635058,111.143479215182,233.747916349998,108.237624137632,139.057443755014,83.6652637890407,79.4333054310567
"56",89.2645631703464,111.4532741038,57.2163330933143,44.1422907787821,105.206640888268,109.650288141691,236.483886608711,106.878273502473,137.101825865488,83.1255093812943,79.0106299632305
"57",88.7971339659257,111.909520645142,57.2321091027095,44.7108563132908,103.826888796309,108.172584254925,235.070273729471,105.426630943052,137.593645277477,83.9953051294599,78.5217523832579
"58",88.9709054773504,112.731102727254,57.7252995392372,44.7825348480888,104.251287003638,109.15706078456,236.145756684817,105.272581838792,139.127885031322,84.9361222130912,78.6571278958708
"59",89.2077866034074,113.057807846069,57.8489509779832,44.3281922962355,105.113840774751,109.670210897006,235.736551834987,106.044248796278,138.928589079115,85.4761810643332,78.6874438620903
"60",89.3221754160794,113.434463907878,57.648168070563,44.7875659776771,105.180045880062,109.229861567571,234.969049444565,104.855765219658,138.87099202474,86.3714534214565,78.4342851381044
"61",89.1313424110413,113.441179784139,57.7574162647642,46.9179741817972,105.05694109957,109.328100043077,233.062686489179,106.084077065991,139.002449974181,84.9773009163993,77.8050395346977
"62",89.7036082961342,113.577659200033,58.2494514399561,45.827173564745,105.98396099789,110.211952092097,235.863763891734,107.562591275861,139.261647935898,85.6286676270621,78.3955261127369
"63",89.2536580345847,113.326963933309,58.5234683793166,45.5766849517822,106.093682544332,110.156377616295,236.825220126372,107.351801072398,139.181717706105,85.7540849958147,78.4954712326462
"64",89.0645526539196,112.845459213257,58.7757133944281,45.3337087216584,105.918327009174,110.197599029541,235.799860495788,107.643910623366,139.93294646248,85.9070388248989,78.3638957771095
"65",87.7819149277427,112.148191121419,58.9734233987743,45.3424056094626,105.060325850903,109.448928055396,234.179806214112,107.352103387156,140.770226887294,85.5452485765729,78.112781730858
"66",87.2554903897372,112.064169158936,59.0557077999773,45.4177531366763,105.074610065406,109.727860245338,231.524785894614,107.873128337245,140.197248579964,85.4622663940702,78.3321995090794
"67",85.7361139384183,111.222280832926,59.7045066110019,44.5836930896925,104.548725249062,108.371054297227,229.539382852041,107.618022795646,138.642484452989,84.8126887253352,78.5169156564249
"68",86.5412744608792,112.37774772644,59.7083814555201,44.5689842804619,105.046341640849,109.715785261301,230.793767158802,107.651849869759,138.391033445086,85.3893762486322,78.4933685612034
"69",85.6806500608271,112.577164764404,59.9418697028324,43.9403511544933,104.712581419609,109.992492881188,230.742867222199,108.554228228907,137.227286505321,85.3965255022049,78.8783959053659
"70",85.0044591643594,111.725538075765,59.683721706785,43.9262000788813,103.763554076074,107.834052716769,230.578000472142,107.654497823408,136.092479070028,85.2095685856682,78.9198777482317
"71",85.7418049032039,112.069543380737,59.6796801994587,43.6809458110643,103.886274834754,108.810054133489,234.142246695665,107.983644177837,137.380020868211,85.9712404353278,79.2373020069019
"72",85.1179311925715,109.560928548177,59.4898877308287,42.695046134617,102.216185005618,107.313448920617,233.783153185478,107.012827227193,135.544905450609,84.2136338438307,78.9570071246173
"73",84.4509484984658,107.464878870646,58.7259257744099,41.6779088559358,100.115277961946,105.672069197435,229.044602559163,106.371288637961,133.354532923017,82.4836651257106,77.890188320263
"74",85.1883778572082,108.22507405599,58.8810921373039,42.3697737818179,100.927841388004,107.019422252362,229.135530086664,107.735038326633,134.967805256919,82.721075296402,78.0567739332044
"75",86.5600757165389,109.583667475383,59.7894634707221,42.5679174506146,102.891283035278,108.834155933674,232.411704393533,108.374980280476,136.754787384518,83.3381696769169,79.1716215803816
"76",86.814569906755,109.01558631897,59.5203116186734,42.1631187356037,102.30344079246,108.234846027081,230.528009112065,108.043803707246,136.222401891436,83.0790077958788,78.5241004840748
"77",85.4836608279835,107.319282480876,58.9047640438737,41.3879271382871,100.403616408227,105.785208115211,229.46121766017,107.478283082285,132.883163315909,81.7582508155278,77.8081511935672
"78",85.8292942914096,108.334507598877,59.0934555119482,41.9261096871418,101.642225158047,107.129709522541,230.067809966894,108.031145403462,134.500303162469,82.6792438030243,78.3603197561728
"79",86.3666772842407,109.320305328369,58.9216085302419,42.5326054614523,102.435702203025,107.554617823087,230.641690639349,108.214837289626,135.174145380656,83.529812165669,78.5283527374268
"80",86.8966036709872,111.410553232829,58.7279160927082,43.1903628888338,103.37501500358,109.044869364225,232.220075387221,107.781438581405,136.711203287518,84.8823965958186,78.7262334050359
"81",86.7903605374423,111.221898295085,58.2592314687268,43.0313431283702,103.418626221133,109.042257264944,232.96653856681,107.832242442716,136.641549095275,84.2063664879118,78.4281009983372
"82",87.9814257188276,112.11506652832,58.0366730032296,43.2426088581915,104.32843036383,110.469939965468,234.942640909782,107.879305993357,138.694527853103,84.7178000552313,78.3267346974966
"83",88.3980229117654,111.890885594686,58.2355394856683,42.678553249525,104.048601983299,108.911152047377,236.339551870639,107.703317611448,138.274438585554,84.8567536217826,78.364501901575
"84",89.2101338559931,112.294907786051,58.4282818333856,42.7885930019876,104.195081845136,109.194121346107,238.376807698837,108.278753157585,139.604091598874,84.9988087415695,78.6743841429014
"85",87.6290099837564,111.750622889201,58.5781627687915,42.514571024024,103.954187514077,107.982444777856,240.598866746976,109.21382780998,139.730421808031,84.9213666404997,78.6517041696084
"86",88.0404876795682,112.305001449585,58.8154212359724,43.2244640847911,104.770423660816,108.851101024334,239.53804895511,109.92860790991,139.588618808322,84.8195397683553,78.7140989045839
"87",87.1456543749029,112.527758407593,59.0086826784857,44.015413781871,103.110872698502,106.811201418363,237.632494788903,109.325822184163,140.008878919813,84.5269143921988,78.4315826828415
"88",87.632990880446,112.715853017171,59.181094301158,44.3493968714838,103.560278744765,106.872445106506,236.639404333555,109.304253916587,140.541759551518,85.0155455555235,78.4933622205579
"89",87.5229349569841,113.282282740275,59.3983855411924,44.3601836743562,104.430876490096,109.158045005798,238.251623969812,109.018216748391,140.534446595207,85.4093028306961,78.4541055318472
"90",89.3159428509799,113.853327128092,58.6218365636365,44.7692682432092,104.435470016909,109.759180259705,238.309527929012,108.022275186354,140.884814610557,86.0414007561548,78.1105523496061
"91",90.0068816705183,114.25528368632,57.7437529152837,44.4831094741821,105.074941903773,110.905811529893,236.962012731112,107.330398928735,142.319175114707,86.1906851530075,77.8735723237734
"92",89.3825645446778,114.629454523722,57.9275135829531,44.9066484700078,105.539330966036,110.827554526696,235.558359888884,107.403555931584,143.714124952044,86.7779744693211,78.0524095071329
"93",90.249888160012,114.698911692301,58.420698872928,43.6684034596319,105.932759338701,111.461116497333,236.284236999658,108.023411596975,143.961002713158,86.8540080104556,78.2828832574793
"94",89.9524291645396,113.512647984823,58.7221410356719,43.5645119625589,105.802667550638,110.679161820045,235.844771174284,107.528448443259,143.408605151706,85.7132702384676,77.8195807998245
"95",90.2724377025258,115.672893854777,58.5903411733693,44.788687042568,106.862877066706,112.28495088724,236.690658761905,107.128314418177,144.61800302778,86.7875396353858,77.8341955236487
"96",90.3540167808533,116.309273757935,57.8444179995307,46.1455519717672,106.78741414782,112.731451445359,231.36436186387,105.607867948471,144.696431175111,87.2836467197963,77.5042136424296
"97",90.104317188263,116.380547815959,57.2417941586725,46.0702532892642,106.4335362609,113.502747917175,231.244099727044,103.844721794128,143.476110700577,87.5945727484566,77.8087674218255
"98",89.6797526532953,116.4126659139,57.4469496135054,44.7568798065185,107.147058795875,113.441494897696,233.940856044109,104.248182112171,143.841470249115,87.6402882507869,78.2476901492557
"99",90.3663695942272,116.893283487956,56.5974186699966,45.4089382835056,107.77565898358,113.940899320749,228.912441116113,102.983678048657,144.512324484568,88.1881425721305,78.0981346336571
"100",90.7605155598034,117.511227289836,56.3281732263236,45.4230628220931,107.727717493621,114.525778374305,229.336620624249,102.946017572957,145.394329343523,88.5168864386422,77.8886008907009
"101",90.8840219757773,117.687034022013,56.0098383180026,45.1184437378593,107.850368553484,114.633645952665,233.282476324301,103.202439215875,144.789667356582,88.3692761489323,77.6693827139365
"102",90.851263999939,117.865238164266,56.1438581696872,45.0288545774377,108.142206823322,115.161223998437,232.659976555751,102.375942937789,146.078042242262,88.5827434744153,77.7825077159985
"103",91.0450458093122,117.494874852498,56.975343687781,44.6087132744167,108.289436676133,115.500338040865,232.596674414781,103.637605605587,146.594635297382,88.3952936104366,78.3374243040343
"104",91.5169252482328,118.110828603109,57.1612369931977,44.4714591399483,108.785200253339,115.506184798021,234.699196356993,104.544328997212,146.366759542435,88.9544359956469,78.4709350998337
"105",91.8676515059038,118.787852961222,57.316715651545,44.9421545526256,109.125537066392,116.602233006404,233.185402778479,105.33704087042,149.493891821967,88.9114032132285,78.5549011745968
"106",92.5273412357677,118.665407435099,57.3231409500385,44.3783654751985,109.361600325141,116.6957165498,235.125561053936,105.883187170952,149.089127131871,88.8367937973567,78.676463462211
"107",92.9981297579678,118.726458892822,57.1718487903989,43.5625883185345,110.170168769192,117.431854966971,234.233063936233,106.348561471508,150.725083260309,88.7038272789546,78.8150962107891
"108",92.7657098770142,118.463143437704,57.529088201194,44.0116813493812,109.993233103148,117.130365767846,233.104387375025,106.380086714222,150.3567469612,87.8614485263825,79.5014210778314
"109",92.7967563108964,118.097129338582,57.2977811879125,44.5439865278161,109.296119864558,116.340166223966,233.490015295836,104.93090598814,150.174272552369,87.5721686908177,79.0592093081088
"110",92.5750605409796,118.494583867391,57.3135691675647,44.2527027959409,109.655375252307,116.263613392756,234.808576372954,104.322493276288,150.884384745643,87.5900525365557,78.9492250390955
"111",92.8754776174372,119.411482925415,57.0966482326902,44.4648939215619,110.640466663199,117.856355623099,237.027585203831,104.302257783951,152.68651014661,88.222503730229,79.1376880955052
"112",93.1484500278126,120.12062558492,57.3499202563845,43.8776158871858,111.019899207102,118.083377148555,240.044790222095,105.60611044976,152.58790718563,88.9649048532758,79.2665908401077
"113",93.9555561325767,120.122888743083,57.458297400639,44.078783740168,111.398181176521,118.822187042236,241.126195705854,106.100270486647,153.484217356122,89.2456895623888,79.3526131913469
"114",93.5872844782742,119.433847554525,57.363730479931,43.5338853753131,111.21628487278,118.13174902109,240.074770203003,105.769244255558,152.660315861778,88.8484379564013,79.1139242842391
"115",92.8744751756842,117.706003672282,56.9398029919328,43.3714922200079,110.237549687775,116.343046599168,238.699243114545,103.762684822083,152.052944970509,88.1702238832202,79.0389269751471
"116",92.6078721393238,116.697760772705,57.2320765462415,42.5887405561364,109.325890635101,115.689247322083,236.1845820592,104.460275834607,151.706555805509,87.8415040629251,78.7422228117247
"117",92.3248537670483,117.195284627279,57.7029027281136,43.4489354257998,110.007513717866,116.339760618943,239.117318630219,105.193489259289,152.925052703373,87.6128090449742,79.3005032410493
"118",92.7338763150301,117.563373998006,57.7635886093666,43.1609933687293,110.334606237814,116.164793381324,240.738656649223,105.24194465145,153.023936105153,88.3612353461129,79.1273110879434
"119",93.2066962068731,118.68565594991,57.6063251824215,44.1849986366603,111.357705277456,117.370912155738,240.735344024805,105.349221106499,154.504466374715,89.0549585819245,79.4128009693043
"120",92.5628384676847,118.345928827922,57.4407058913132,44.0776064084924,110.999449152342,116.684920560397,240.892438329183,105.510576217405,152.615483480787,88.6016834122795,79.5777136312948
"121",91.8515276475386,118.224068781535,57.5089201762758,44.3079401928446,110.805820787457,116.56045328287,242.320468838398,104.774080122671,152.704972615318,87.8956073692867,79.3288953626478
"122",92.5121660232544,118.935366719564,57.6703048903367,44.2724788085274,110.854961838521,117.524704126211,243.687573937269,103.946514960258,152.841999568636,88.4502282823835,79.3291371835245
"123",92.9318228201432,119.756227416992,57.317631458414,45.2271903908771,111.923773389467,118.765381783705,242.899237440183,102.295301498905,153.899472403148,89.4801072052547,79.2604978406752
"124",92.7942829999057,119.530644861857,57.7605440205541,44.8930014734683,112.048193515187,119.294928844158,244.143987508921,102.678897580793,153.725954873221,88.9992562702724,79.3432963087752
"125",93.2961740927263,119.761802164714,58.438521089225,45.7397957262786,112.442082808051,120.472545843858,245.933580820377,103.483526599023,155.652816560533,88.9034787586756,79.5578116855106
"126",93.735923983834,119.668388697306,58.5855742158561,45.8273449773374,112.600170592187,120.310248800424,245.636741949962,102.240328081192,155.064612434024,89.2978111335209,79.4830988291148
"127",93.9879476373847,119.32938641866,58.9383869499996,46.0577057962833,111.997462353236,120.307038013752,243.825117578873,103.489623531218,155.24004551721,89.0277561119624,79.4751179153854
"128",95.7596759796142,119.641550267537,58.9867369224285,46.1335627099742,112.402656031326,121.123863044152,243.688632130623,104.587284887991,155.981123424712,89.2959738118308,80.0804168598072
"129",96.4925006086176,120.634377390544,59.4685264127008,46.5216397824495,112.483617084127,121.928608659598,247.22905594569,105.08902260565,157.447806252374,89.6658025469099,80.7863899437157
"130",96.2761553851041,121.199604619344,58.8766259489388,47.179832417032,111.859423597094,122.087600708008,245.632463198442,104.483580866168,157.867969512939,89.8897000040327,80.4070686134132
"131",96.4156631556424,120.838865025838,58.9131020184221,47.2718943305638,112.068060109313,122.07057731335,246.798159140807,104.688602939729,157.917394032554,90.1005865505763,80.4805574159365
"132",97.0584327957847,121.203531468709,58.9725957081236,47.2709151972895,112.449701550981,122.601185974708,247.455796415989,105.285887133691,157.572314792209,90.4934318406241,80.6462679167052
"133",96.8234648704529,121.087235107422,59.1154667097947,46.9732421377431,112.540969741177,122.52337237138,247.459942184962,105.605880552723,157.781263987223,90.286935363497,80.9392370275549
"134",95.9451542334124,120.591289876302,59.1692105983866,46.8191357488218,112.075391635089,121.622223120469,246.615625803287,105.486085830196,156.879768159654,89.9580060413906,80.6675866616739
"135",96.1693579933861,120.567211685181,59.4989037020453,47.2211817865786,112.421545565968,121.825637788039,246.632047524819,106.358623750748,157.416691553025,90.5911164283753,80.7801373971475
"136",97.2454131733287,122.41566192627,58.609902184585,47.5324948766957,113.504216409065,124.056931436979,246.75061079172,105.181481576735,157.775482964894,89.5063942500524,80.0452670020026
"137",96.9593061533841,122.537269999186,58.693721442387,47.4699357488881,112.865943559459,123.08037615556,246.94104555937,106.116698788058,156.275411545284,88.3429116862161,80.2422535870526
"138",98.0469312234358,122.536360244751,58.7471102023947,47.985134622325,112.90466422766,122.94830700801,246.03147476453,106.202822377605,157.633274623326,87.877135515213,80.3666901975064
"139",97.9275952252474,122.530955022176,58.6494089323899,48.2763954245526,112.537248275649,123.660346764785,246.126202491614,104.91769319965,157.693023802742,87.7177829401834,79.6939245687949
"140",98.8183545199308,122.834442571004,58.6201362609863,47.1725660407025,113.129597542991,124.351899029658,246.12564941553,105.40710326164,158.963877995809,88.031858069556,80.0173726468472
"141",99.1782339702953,123.631479949951,58.9569145728802,47.5952117339425,114.269301387626,125.408821032597,246.1421502095,105.616550168683,160.001753458901,88.4676327024187,80.5008915566109
"142",98.5750945264643,122.956101048787,59.1425876946285,47.2470570439878,113.439218212181,125.071645633991,246.366951942444,106.665679285603,160.292699723017,88.1494213512966,80.533819817208
"143",99.8632515993985,124.128056869507,59.5650390098835,47.0805557914402,114.544720730311,126.546783814063,247.576755606211,107.702575375957,159.794255302066,89.1000965663365,81.0454188166438
"144",99.7038269476457,123.89900718689,59.7913731542127,47.3202531648719,113.971388709377,126.224332985511,248.062912913469,107.090906758462,160.605289852808,88.6055498463767,81.2469065898174
"145",100.249392682856,124.393407669067,60.6475960961703,46.9336792075116,114.54157805107,126.070084337088,249.589184174171,107.759040401828,161.034956886655,89.1433324473245,81.3136682768126
"146",100.535903150385,125.861133015951,61.0754251151249,47.0041721178138,115.728009868676,127.707937607398,249.985168796319,108.79952246143,162.24281056722,89.6116650445121,81.610619416108
"147",100.698904817755,125.910098978678,61.5272352613252,46.7121536420739,116.339756482084,128.017916532663,251.195494532585,108.861269489411,162.090157523988,90.2398632594517,81.9013926531818
"148",100.400244669481,125.063981450399,62.0661062372142,45.8435484015423,115.82226152823,128.24095855126,249.431923994651,109.932740826761,161.976100558326,89.3910073552813,82.1018505611936
"149",100.170831853693,124.665646642049,62.1642126872622,45.2544148071952,116.413767989253,128.531767272949,250.30891758662,109.294142723084,162.447845549811,89.1198026452746,81.9236587833714
"150",100.720297986811,125.965382003784,62.8550552499706,44.941963714102,116.436102007476,129.316614620502,252.459576799319,110.173992618438,161.467868320526,89.2398059708731,81.9363478067759
"151",99.4804626378146,125.293231455485,63.0522087689104,44.3905986080999,115.432292038286,128.266228558467,249.157878903242,109.872084186923,159.112658758012,88.6497135502951,81.3313354801487
"152",98.065138426694,123.346312891642,62.7567001868939,42.9161444124968,113.780448349429,125.604964006864,245.284813009776,109.583524611688,157.118988188486,86.8355326993125,80.9420239732072
"153",98.7706239440224,124.34550374349,62.9892180212613,43.2652318995932,115.225473403931,127.766534233093,248.012762766618,109.982130604406,158.524570343986,87.8174253872463,80.9303067181562
"154",97.7892746491865,124.40766146342,63.1894827217891,42.6438853844353,115.484409238251,127.018048594548,245.111454321788,109.300269588347,158.044231717549,87.954508781433,80.5734380773595
"155",97.7097075635737,124.338519439697,63.7067705022878,42.9087887224944,116.904400664316,127.915355799748,245.605452409157,109.846873006513,156.312884830293,87.7559097494398,81.2133379755793
"156",97.5514680255543,121.379118220011,63.5074653954342,41.7074356286422,114.754116353854,125.095389116727,239.802778445757,108.618658373433,152.876380102975,85.9863024779728,80.2487566664412
"157",99.2020757848566,121.993059132894,63.8706071787867,41.0877515544062,115.948350664595,126.940085865901,240.308942519702,109.118487696494,153.890635202801,87.8505206108093,80.3626817239298
"158",100.676238926974,124.202280756632,63.1693813060892,41.4817996025086,117.206704314326,129.950097230765,242.241587932293,110.305224264822,156.555925853669,89.4546152182988,80.9374939686544
"159",99.8354281945661,125.500592778524,63.4605425472917,43.0247369849164,118.223202611359,129.834953293434,245.478373857645,109.968244737194,160.156188026307,91.0480027539389,81.6831258309854
"160",100.677816044201,125.082375005086,63.4495806858457,42.5128709544306,118.296226555193,130.466780721224,246.074652396716,110.545227635291,160.360630277603,90.9405374526977,81.8242091617068
"161",99.863545591181,124.388146718343,63.306377345118,42.0440746804943,117.661583215418,129.107797065148,244.710467916269,110.675836624638,158.802550694299,89.7479225908007,82.0592138445055
"162",100.38006140969,125.236286697388,63.5825932601402,41.7321163053098,118.489512994256,130.292681987469,245.901013273459,111.956650857003,159.815997108581,89.7392489569528,82.4763274837184
"163",100.698375745253,125.872993927002,63.7540114172574,42.1506322570469,118.948032755247,130.966934526884,247.654943658755,112.985537867392,161.694507629152,89.7306626864842,82.3752198090424
"164",101.861098029397,127.044383061727,63.7303298424031,42.843268705451,118.974203942527,132.346218167819,250.193184036475,114.179089084748,162.526768608699,90.2507510866438,82.6379657951561
"165",101.868951494044,126.618195902507,64.3660046807651,42.8028697552888,119.463652207818,132.240866000836,251.176382633356,114.9760330877,162.926245674254,89.9392411368234,83.0389324394432
"166",102.005025820299,126.534126205444,64.8226507778825,42.6007693539495,120.303521129447,132.47680975107,251.478689826452,116.492999999754,163.957547596523,90.0274134022849,83.1260041932802
"167",102.77748224952,126.067364908854,65.2420343201736,42.2824943583945,119.979364704078,131.600829065763,251.119302465365,116.215654896152,163.577238627842,89.2379722595215,83.0188403773952
"168",103.217086358504,126.128792724609,64.7945055468329,43.1373304698778,120.648121135336,133.327180950458,251.614906751193,114.714031096428,165.100824113876,89.4865359238216,83.0963520359349
"169",102.434756148945,125.875262959798,64.7915087075069,43.386627757031,119.948574616875,132.183345090426,254.732018901752,115.901686668396,163.545349454123,89.6103762899126,83.2258191495329
"170",101.151055856185,125.155231730143,64.6929335100898,42.822404363881,118.376183791899,129.515654241122,251.893646552013,116.620042431739,162.735034730699,89.0112976346697,83.1003447867729
"171",98.209886897694,121.614802856445,63.9000360554662,40.7327365875244,115.071291520562,124.901122577374,243.949867358575,115.349803801506,157.304957798549,86.5063040256501,81.4428414009713
"172",95.6578441533176,116.89491007487,62.4626376053383,38.8744361711585,111.369746879793,121.188670613216,236.108941234075,112.813053592559,152.520250441536,82.8055589880262,79.7895962998674
"173",95.8510089354082,116.118482335409,61.8685207366944,37.569400973942,111.026620408179,121.265197416452,233.216388564843,112.128103071643,152.2300410195,82.2644592693873,79.2835901621226
"174",93.0297312736511,112.057285130819,59.1391988951584,35.5802430069965,106.186109153318,116.128323525649,225.847053619532,105.945813055961,147.553869792393,78.9096148524966,76.3932718844027
"175",92.3912031867287,110.70749361674,57.0061064753039,35.9604807314665,103.93864302568,116.663582625756,224.910038058574,103.127387508269,146.369035402934,78.3054440191813,74.4093474310797
"176",94.7028467438438,114.180353851318,60.2603004718649,36.7138104438782,109.68891118278,121.013634476295,230.178227892289,108.619357324416,153.13776757982,81.4820525305612,78.4386784837052
"177",92.4709206060929,111.361632817586,59.6103744835689,35.8023291463437,106.540643477104,117.308743271461,227.284543275833,108.309813068759,149.540597597758,80.9022808074951,77.2782639168404
"178",96.2810513323004,116.151924565633,62.9578885045545,36.4256158704343,110.744651364609,122.40566237523,235.754519994442,112.949814950266,158.159002334353,84.4319179739271,80.3867577733221
"179",92.9336376190186,110.859823557536,62.0614321478482,35.0551620566327,106.192141908995,118.77975700085,226.908574801225,110.623996273164,153.716872396923,81.7582197359631,79.0819322740709
"180",91.6279132582924,109.148356717428,61.7227593454821,32.3851327896118,103.156887645453,115.461014248775,224.336709627738,108.847383160745,151.877915321834,79.912860427584,78.5072579770475
"181",85.6988087567416,99.756345316569,58.2967075479442,23.7750210451043,93.8003754682944,105.821368951064,212.470031756621,101.760046220595,143.24359264071,72.7959642239979,75.3424719217661
"182",89.5025254162875,105.435415140788,59.1578280679111,25.5086801155754,99.1006836286733,111.871036104056,220.491313723417,107.040538049513,148.711662368169,75.7605223144804,77.2409886540593
"183",85.7197794047269,99.6448913319906,56.2383669820325,23.5252504037774,93.816067010584,105.916846040579,204.195676198373,102.230307117585,142.048648425511,72.0487178564072,73.5380560900714
"184",78.3985613476146,89.1939633051554,50.9206938579165,20.3786583361418,85.006671670457,95.2114575312688,180.732127941572,94.3545401788527,131.291299199301,65.3040137120656,66.6451420655121
"185",84.4383151314475,96.0239591598511,53.7801868175638,22.7429951792178,93.6598165606109,104.671619591346,187.368805977015,101.712591355847,140.206452551342,70.0506885903222,71.0891630842879
"186",74.9215373559431,84.4147941335043,47.6139059724479,19.484144843143,81.1549272805872,90.9085580092211,157.58228630286,86.0694843415291,125.385718058026,61.5657561165946,66.5377220978608
"187",77.5892706784335,88.346954129537,53.8273512083909,18.9256582778433,86.0538464734252,97.6632607019865,159.195795105054,91.8279196831487,132.308810476273,65.2057187216622,72.3661601607864
"188",74.4202650243586,81.7440760803223,51.0922171165203,16.6124550155971,78.5984754696698,90.3122411067669,148.128675515835,85.3007330433015,126.974168050857,60.8839473894664,69.5566153655181
"189",76.6472285010598,82.3758636728923,48.2413038878605,17.8646063804627,80.0051620846063,93.1959413821881,160.088779820846,83.7394588224349,127.129589050535,62.6567304134369,68.7188682556152
"190",73.344259262085,78.142349243164,43.8949080993389,18.2081752134406,77.2601416614694,89.7577259577237,149.157442409259,78.3056183168965,121.047432051765,59.6447682380676,65.5297095840042
"191",75.7436407045885,75.0215755971273,41.7663289103015,17.0061409473419,72.6166743762057,89.265750840994,146.710253156148,73.8982261842297,115.817629844423,56.0313294274466,63.2030148892789
"192",80.3342540047385,83.7826447041829,46.0484312320578,19.7136848283851,82.2270960874961,98.0371555988605,168.147328615189,80.2835302968179,125.524439963083,62.4852543388094,66.5148024687896
"193",79.8681502775713,87.7916397094727,47.4807455786343,20.5625607241755,84.3897191437198,97.8577087255625,178.419278860092,83.6233505741242,128.059240326049,64.6487832580294,66.3321651252541
"194",84.6034174832431,93.8567782847087,51.3261216262291,21.7436273512633,90.1017793064386,105.586316563533,183.449118550007,89.7145901033955,136.683210872468,68.3016770737512,69.6143325083964
"195",81.5083349401301,89.7048397191365,51.6732596693368,20.2441017005754,87.3477364862469,100.159141995357,174.983524129941,90.485041741402,133.10481236473,65.6775320257459,68.9764378006394
"196",84.5090713500977,91.3618812688192,53.446823613397,20.2407363083052,90.0020575120416,104.478859417255,174.546575225317,93.4135012165192,139.042823715815,67.7838925463813,71.2058658599854
"197",83.9688642241738,89.8349025726318,51.0689008975851,20.6875450403794,87.1763743011045,102.561573498066,170.297452798257,90.609160792443,138.597294837709,67.0574314764568,69.9448971619477
"198",81.0338064974005,85.3723286565144,48.1706531787741,19.5213368768277,82.3945296515881,97.133452796936,160.523692140212,85.647003973684,132.533252413311,64.1416037934167,68.8358406376194
"199",82.206164338372,86.7287917455038,49.6662164556569,21.2857148129007,84.5219015067732,98.258066866948,159.959291146352,86.7187795023764,135.951278504871,64.5127621548516,69.9364716297871
"200",80.9817238504237,84.9211655934652,47.7833749672462,21.2611873564513,83.4602340107233,96.4290642518264,157.085987081894,85.9477985135971,133.588787230234,62.5575923238482,70.4250876452472
"201",85.7551988688382,91.2517998886108,51.6875121017982,22.499944013098,90.4908898649081,105.324490063007,175.739676645169,91.8639373317842,142.981049870688,67.0542580740793,73.140132491653
"202",85.664413582195,91.463335609436,50.9848021803231,22.9944505795189,90.2821905646525,104.720913945712,178.433345441635,91.3125958442688,141.934823535738,68.9149739401681,73.0949798274684
"203",86.7394834431735,95.1003297170003,54.0307816472547,24.7472376927086,93.6716728344769,108.431351896433,186.299666083776,97.7046219302762,148.29776704879,72.6601929664611,74.2635892919592
"204",87.1756949858233,97.0674361801148,56.572151282738,24.4272136791893,97.1227885232845,108.609506357633,189.772417004292,102.075442098802,148.878980591184,75.5285185575485,74.9188918036384
"205",88.538818099282,94.2020098876953,54.7652717129937,24.4616544350334,93.9734513054432,108.373071362422,185.105089948727,97.6116208107241,147.127171531556,73.3614131041936,74.1526816600078
"206",91.6573827916926,96.5185642751058,56.49645305502,24.3279784658681,95.5995385277439,112.90969643226,191.94307069595,101.142576248415,151.690314429147,74.3370132786887,77.1150732813655
"207",91.7785062789917,93.8459846496582,54.6915438750695,23.0679842700129,92.2623809962206,110.211420631409,186.331342156117,97.9452138716175,150.039116859436,71.1461194072451,75.7288543082573
"208",92.8171300888061,93.056186319987,54.8356198935673,21.9426218426746,92.2371447724356,111.187391134409,186.95808673822,97.5136825346177,153.577696527754,70.3767907449177,76.9490534292685
"209",92.9626540270718,97.5951433181763,56.4412368905955,24.3252452974734,95.97552666194,113.86835093865,195.270607067989,100.494397501792,157.86880042061,73.7069714750563,78.0654150988605
"210",93.0023785504427,94.9781629562379,54.0195282574358,23.6980916935465,94.2652378350916,112.501714178232,190.829333323699,96.3957157904102,156.787436894008,71.3287990944726,76.6739027693465
"211",91.0791248408231,92.3915019607544,53.2142290904604,23.411041840263,91.065347355856,107.276261182932,185.838357668657,95.0023157365861,151.29269754319,69.6010607481003,74.9504119769947
"212",91.8440835259177,93.9799340057373,54.581562108007,24.4406189918518,92.9356956683414,111.59187063804,191.073041549096,96.9733315590889,153.960141000294,70.7890814031874,75.8043786126214
"213",92.5381029735913,94.1486745198568,53.6090443052095,25.17445311339,92.2017068594275,111.252158693167,189.45896257804,96.0481196988013,154.62624430278,71.1221450056348,74.8774577475883
"214",93.513334274292,95.0522161865235,54.0304103719777,25.1805077221083,93.408161123034,112.795379095811,194.057461454318,96.2259288757078,156.790152564881,72.1199898038592,75.7410429877203
"215",93.8798487836664,97.7481591415405,54.4849512823697,25.929628620977,96.4928869529509,114.841768470177,200.295922563626,98.955548378729,159.32989411127,74.4132907049996,76.3244962434511
"216",91.7939711484042,99.7762950134277,54.9629084817294,26.6649180495221,96.6753525062346,114.585473530109,204.646955004105,98.6022707108528,155.528943652198,75.8270004987717,76.7540599719898
"217",94.4141428687356,102.483307367961,54.3922906086363,29.1003119012584,99.7286496632536,119.914028079693,209.400016958897,98.8381961391818,158.328567883325,78.0569172416415,76.7808498176368
"218",94.1650034731085,100.229418754578,53.0335446061759,28.6703198681707,97.3530544563079,117.943620901841,203.946611046791,98.1156360872331,157.123289350479,75.694580571992,75.9377513060699
"219",93.6528026840904,97.2193909072876,51.7565686127235,26.7093194256658,94.7242280664578,113.594823044997,199.150678808872,95.6155452728271,153.705978938511,73.9959114960262,75.0073788101609
"220",94.9328481934287,96.5243756739298,52.1832815696453,27.8545941062596,94.6619383717926,114.812086530832,199.678586125374,95.7995084947155,154.416143235706,74.287794147219,75.3973313408929
"221",94.8329951979897,97.2179174168905,52.7260014764194,27.7964490392934,96.4071331762932,117.032212477464,200.804624071488,96.6678875031009,158.288457552592,73.9640588419778,75.5644393611599
"222",94.9081957556985,96.0693733978271,50.7564640045166,26.9800604115362,94.7163295544369,117.916929993263,199.978068205027,95.1078700096376,157.630944615319,72.9052169322967,75.1367016869622
"223",96.3344076330012,97.3728105545044,50.8896935890461,27.9318866729736,97.562663017864,119.819716923053,200.772180282153,95.9666277054818,159.361147698902,74.111431837082,75.1131568599392
"224",97.285899032246,99.9981877390544,51.7588470722067,29.2457462393719,98.6975556158684,121.824756695674,206.75692822383,97.378786979183,160.015607243492,75.8743628944669,76.5308798712653
"225",97.1542829600248,99.1265152994792,51.5179349307356,28.5808564269024,98.5373766254371,122.160597405067,204.742304801941,96.5072897018925,163.074512708755,74.7414747987475,76.7443358447101
"226",95.3179896528071,96.0866950480143,50.9910110276321,28.1050476405932,96.1755203394823,119.030312259381,198.476424492323,92.8206435480425,159.600729533604,73.4772609301976,76.1849319354908
"227",94.4238178513267,93.4878930918376,50.5594610016921,26.8042337790779,94.4768466076381,116.452761752789,193.405569461676,92.0110360114805,157.714284790887,71.4823565142495,75.3798282210891
"228",95.3973854238337,94.9515353647868,50.9268214455966,27.0713811128036,96.0980279344908,117.737614132808,196.367735285025,91.4543451186149,158.957548489646,72.3319936990738,75.345295725642
"229",96.9586606459184,95.1549017588297,50.5397939353154,27.2167000355928,96.4118761546175,117.853544924809,198.580142002839,91.2872188475824,161.086727778117,72.8445964200156,75.8324991174646
"230",99.4159960746766,100.900042902629,52.7264738411739,29.7244461515675,100.26363159905,121.884658637414,211.891827528293,95.0792010215021,163.786869533478,76.3559054987772,77.0881966255807
"231",99.6362261338668,99.490387357076,51.8273584760469,28.8806513703388,98.4112475153426,121.805175414452,212.564942974311,93.5600854196856,162.125812697032,75.3247987031937,76.1460332612733
"232",100.597084262154,100.890925458272,52.1162152454771,30.0470043679942,100.186449675493,124.929069386996,214.33195410325,94.2850344565607,163.836147944133,76.8661508219583,76.6566334801751
"233",99.3465941602533,101.060767618815,51.6534151866518,29.6856596573539,99.6948493567991,123.200673866272,215.665144205093,93.5929459602603,162.305602588351,76.3483084610531,75.764859173749
"234",99.4100936542858,100.886972427368,52.0808728974441,29.5933731327886,100.066564378604,123.709916892419,217.650160972889,95.5178245729016,163.654735474359,76.3904338564191,76.1055170523154
"235",98.6405684297735,105.063162320455,52.459533461209,30.4517167754795,102.293513298035,124.684948437031,222.711531208112,97.8534451453916,162.85390787276,79.0862500326974,76.5892635551659
"236",100.292926875028,108.474133008321,52.8498735427857,30.8247732079547,104.011270872304,126.063788516705,227.528041582841,99.6680038821313,164.658771711682,80.6619352272579,78.3531935408308
"237",100.014213171872,107.777509346008,54.4060961295818,29.9065253630928,104.048935158152,125.988896193871,222.321831336388,101.022254974611,166.987098512195,80.891343661717,78.9128238574879
"238",101.061083533547,107.586370519002,54.868694930241,29.6379046854765,104.09598077183,128.303924868657,223.173895404889,100.574355033136,169.323616330586,80.6188784326826,79.5435779674633
"239",101.859391082417,108.006658681234,55.4148399747651,30.1573012600774,105.13677300198,128.669752957271,225.135064913676,102.484653288318,168.880867382837,80.9165244783674,79.8091240444699
"240",102.255014072765,109.442947540283,55.8047298234085,31.2067561356918,105.656942367554,129.937282723647,226.935059382365,102.558496136819,170.401421047392,82.7191008499691,80.0443976118757
"241",102.255259860646,113.129220581055,56.5183972654671,32.1018442900284,108.186844335475,131.832675933838,234.417639759871,104.232337920896,169.550580615089,84.8590875012534,79.9128676749564
"242",101.184249617837,113.785503985087,55.5240756067736,32.2338435753532,108.240678720071,130.766160671528,233.002928266158,102.084563132255,167.748111936781,84.964380809239,79.4911385098019
"243",101.996221672405,117.827712809245,56.3491868972778,34.7974749026091,111.489344610295,134.13134029095,238.639476097547,105.331423021132,170.138292569963,87.4569997787475,80.3376284934379
"244",103.658260172064,119.464485499064,57.769011333071,36.7645509553992,112.245751139144,134.45529092642,240.542164545793,107.253494324223,171.162103925432,87.5189478397369,81.1651568541656
"245",103.344684037295,116.802944844564,56.4777243383999,34.9539962022201,110.903673870463,133.333924454909,235.744362803606,106.816344107351,168.583480471656,86.0570203576769,80.4059830742913
"246",103.309018221768,114.567618014018,56.1610626352244,33.1397215594416,109.350266161099,134.05340623122,233.243117249929,105.147695541382,168.604285119072,84.9437311376844,80.266379743009
"247",99.3953319462863,106.742671216329,53.8724412589238,29.8965577457262,101.68212384909,126.210181559049,218.015690225821,99.1657705614644,159.291303013998,78.2407685688564,77.4336016886943
"248",99.8724703355269,108.385342203776,53.8799049443212,30.7493663041488,104.04515316117,127.839145557697,221.101847098424,102.056297886756,160.728531943427,79.8741662842886,77.3687302872941
"249",101.434959151528,109.445139630636,54.2288618087769,30.8596530167953,105.394311179577,129.218929173396,224.534634159161,102.99909843937,162.431659289769,80.537684576852,78.2350284473316
"250",102.439234733581,111.592645721436,54.560381757802,31.7955563586691,106.834254493176,131.869067940345,231.357672883914,104.645021192489,165.047429432945,82.7467952115195,79.570876147296
"251",103.197122747248,110.998767700195,54.3525266976192,30.5434069840804,106.567800481554,131.83268998953,230.9268635328,103.542164741024,165.230712239704,82.065634216581,79.488662101127
"252",103.957180023193,110.668627039591,54.335519955076,31.0309138505355,106.669884547381,132.182027758085,227.936672036464,102.440724988138,164.723979404994,82.0597544738225,79.9942756343532
"253",103.78015314449,109.587923736572,52.7259920383322,30.533113769863,106.125646121065,131.459367810763,225.17389868773,101.882724300508,166.810972607325,81.6035558155605,79.5068900134113
"254",103.942092982205,109.959057807922,53.3142446978339,30.6335255374079,106.461350145474,132.945845061082,226.912835579652,101.417531167307,166.278138841901,81.5331500257765,79.5714314950479
"255",104.281612569636,109.883852119446,52.7822197881238,30.6909934126812,106.593879753435,132.852505302429,227.417366101192,100.941909513166,167.138640312921,81.6780126776014,79.3446177920779
"256",102.033664269881,105.935975430806,52.3070274221486,28.7720643126446,102.882188434332,129.628447899452,221.186747624324,98.7473517079507,162.245255757892,79.4482868058341,78.0617693823737
"257",102.682059418071,107.096179453532,51.7531215733495,29.4065369315769,105.630302576952,131.380750494737,221.506447278536,99.807820166311,163.908195177714,80.1262265954699,78.6345198863261
"258",99.5459373647516,105.539949188232,51.4096244943553,28.2869938560154,102.195623102322,129.381166194035,217.462039809961,98.3120554339501,162.040090697152,78.8688830307552,77.2296913765572
"259",101.040831392462,108.264046961466,52.3675508827998,28.7402086672576,103.041204371922,130.157485947242,222.076137671104,99.4843981342931,163.277225282457,80.4326282228742,78.5311946868896
"260",102.001591378992,109.4591126887,52.623285490891,29.6214089808257,104.795833983891,133.038702055124,224.664645405916,101.115631534207,167.091587233165,81.4681189741408,79.0996436557254
"261",105.070227969777,109.051099001567,53.8032545550116,28.7225355065387,104.827621439813,132.902822054349,225.050489443999,103.954898434301,167.478360766456,81.6435013157981,79.3408762957599
"262",103.920447783037,109.992316627502,54.0157444723721,29.1346996763478,104.865917561759,133.637067281283,225.357507265531,103.447783039462,168.986340522766,83.2439931460789,79.6608190794249
"263",105.712423107841,111.109326006571,53.5765617962541,29.1797944359157,106.540312887917,135.692278568561,231.327731691874,103.482520195746,170.828355864873,84.3293491431644,79.8481614396379
"264",105.45023840124,109.10183526357,53.2634350349163,28.1670418407606,105.363881520822,133.989712524414,227.090708769285,102.031883178219,169.665228646899,84.1333483287267,79.9717124732765
"265",106.319685242393,109.059453481038,53.5795667911398,28.1217330642368,106.920849390433,135.98563685784,229.360132290767,101.737012001776,170.060736217196,82.7566119943346,79.8516706518225
"266",106.727386517958,107.019985173543,52.9460710657054,26.5536164822786,105.401113416108,136.836393400339,226.719172468552,101.664939665025,169.904370686365,81.8881776673453,79.6327116167223
"267",110.095416805961,108.134390983582,53.8563523456968,27.3790272422459,106.897696918165,136.26733686007,229.451320006297,101.535188490345,168.831737821064,83.4368501050132,80.7205486813107
"268",107.461292180148,108.072948239644,53.9590872731702,27.0387900186622,105.957045474523,132.847251716027,226.57703604148,99.8670834264448,168.285175959269,83.6735819067274,80.2536940188021
"269",108.660525018519,110.230127652486,54.4231057660333,28.0894000219262,107.374777955069,134.667499894362,230.259929776192,101.132699504975,173.204961110675,85.6687788282122,81.763540680344
"270",109.561940756711,112.831808840434,54.1773900985718,28.8097944881605,109.430949190973,135.748685000493,236.469304396556,101.313313945647,176.565087136768,87.3635297843388,81.9429779568234
"271",109.880013769323,112.762014656067,54.7435967346717,28.7189517643141,109.082370865513,134.883651880118,235.121400292103,100.404082913553,175.767277369424,87.7213172231402,82.1147708377323
"272",108.442980722948,113.469711964925,55.9321251573234,28.3350859932278,109.639675778402,136.550115086482,234.721458563438,101.666680366762,179.11752927871,88.3069761480604,82.2741583231333
"273",109.539031332189,112.607714449565,55.1393266217462,28.0099673271179,109.805211604481,139.880699084355,236.359677791595,100.787638048972,179.613583731273,87.5775014332363,81.716863941502
"274",108.564329234036,113.812646789551,55.4778650218043,29.8743821434353,110.481907139362,139.04091466757,236.180410495171,100.399774428337,179.524914514451,88.2770182745798,82.2289613775305
"275",108.581420681693,114.820140698751,56.5072894918507,29.5573682992355,110.933731139546,139.852129936218,245.120313112552,101.754160173478,181.076791869269,89.1030322824206,82.7941101692819
"276",106.899564959786,114.59758026123,56.6068215205752,29.4452363719111,110.14437384001,138.181353994516,242.178900434421,101.194215282317,180.098518992227,88.8347042969294,83.1230163574219
"277",107.217285806483,113.644815381368,56.2674015965955,29.2684387953385,109.621167088898,135.906639685998,243.867087492576,100.815100054587,177.995904180739,88.5841815131051,82.9071736206879
"278",108.19281985543,114.192233924866,55.6174191442029,29.0392523641172,109.818150560621,138.609773239723,246.944792903387,101.870786820689,180.854217150855,89.5137372357505,83.300124194171
"279",107.600663618608,113.231692708333,56.405214474119,28.5081900721011,108.56485080719,136.338185853225,242.593362138821,103.732057571411,179.028303630768,87.1741725376674,83.3191188606056
"280",108.298749533567,115.15114045461,56.7133340177865,29.3836251549099,110.588579553953,139.098338640653,248.517217526069,105.766232152139,181.671541925461,87.9886361530849,83.6096521326014
"281",108.442352901806,114.145497983297,56.7155422342235,28.3437095725018,109.280876851418,139.931676175044,248.775337310938,105.603104437551,180.923065760779,86.368495464325,83.4974914241481
"282",110.455274711956,113.896303024292,56.9929509985036,28.3042620990587,109.434645343834,140.931914857718,247.483101698069,105.997464610684,180.601077488491,86.055096592222,83.7567528905095
"283",111.797190189362,114.79571501414,56.3041133222909,28.4401555268661,109.569657419769,142.718613844651,246.435280818206,104.310555242723,182.379642062717,85.5972972256797,83.7172570099702
"284",113.444405772469,115.029607022603,56.5995479781052,29.0462155549423,108.739727443373,143.325353314326,247.827519921156,105.686811447143,181.408169731261,86.7628932339805,84.8929493878339
"285",113.685844638131,117.188044039408,55.8183688459725,29.5144436877707,110.217959121919,143.81421953348,249.169788534825,105.17130128799,182.749893127926,88.0650119440896,84.713244979446
"286",115.13593006134,117.160215187073,56.2180275752626,29.2116370408431,110.354719773145,144.323033098074,250.759363935544,105.208985021037,181.150868219043,87.5044989585876,84.6549837782576
"287",114.713528936559,118.738859062195,57.1951881606003,29.4755541345348,111.171691249794,143.13249467703,251.113726184918,106.361639484282,181.500340779622,88.3641772270202,85.1449689607362
"288",114.137049154802,120.752743403117,57.2946237695628,30.4793306226316,110.461387728302,142.256202140221,253.123332894765,105.98083806807,180.00134092664,89.4120004517692,85.4798580375877
"289",111.975882270119,121.418430709839,55.9134268596255,30.07397829968,110.938964628837,140.259706438505,253.854638420618,104.036494593466,178.277275554718,89.7912090505872,84.6127666782689
"290",113.351253292777,122.043360939026,56.6218472842512,30.5327521199765,111.156321753918,142.999891633254,257.551810961503,105.411229256661,181.439269035582,90.1133865969521,86.0434698156408
"291",114.317905859514,121.690983085632,56.4504333693406,29.9291096562925,111.204109917224,143.725045996446,258.46209190442,104.373335346099,181.81754947844,89.7815130097525,85.9101511981036
"292",114.58090318333,122.099810053507,56.0838961107977,30.3918549496195,111.380436883846,142.934427994948,258.269373270182,104.400688725133,180.952221280053,89.8238617011479,85.9833619401262
"293",114.331572272561,121.754891853333,55.9635926279528,30.1331395066303,111.310249328613,144.047112376873,261.803006493128,105.416421367276,182.178100495111,89.7170439788274,86.5062940958384
"294",115.420090198517,121.141240692139,55.7069086864077,29.6041819945626,111.021892305831,143.760515286372,263.725880742073,105.655057414885,182.028250255282,89.2801813057491,86.6802150623218
"295",114.781689080325,120.843158442179,55.4930049962011,29.224619264188,110.497166270941,143.403953596262,261.737466876323,103.590298375776,181.46151068854,88.8982651574271,86.9100573256209
"296",115.906046433882,120.351845703125,54.9671125083134,28.5145284818566,110.053446480926,144.141903950618,262.064834503027,104.707895986495,180.286831250266,88.4109395231519,86.2869723036483
"297",115.284897154028,120.539606602987,54.9984091725843,28.2627112347147,109.589282432073,143.801476126451,264.946009690945,104.892470205984,180.112841500176,88.2195144380842,86.6591261270884
"298",115.948694662614,122.210831514994,55.5185826071378,28.9905670000159,110.870012766878,144.831577066275,268.954893946648,105.04995952114,178.555888493856,89.6794116837637,87.2639334395126
"299",116.345808766105,122.062863527934,55.0098325137434,28.8571318128835,111.106869240882,145.92139001993,267.943652730722,105.525484792648,180.402281216213,89.4177121775491,87.2619123201113
"300",120.719251155853,122.48389609019,54.2456834069614,28.0767979414567,111.584787684427,148.687372207642,268.502602687249,104.817758037198,180.481258634537,89.9251481124333,87.5885355665877
"301",119.308653267947,122.98677956899,54.5192199904343,28.2850096329399,112.72669361007,147.235267008268,269.025983085999,106.211583691259,180.759926432655,89.9181640829359,87.5022300514015
"302",119.448604670438,124.054906819661,54.7069308511142,28.7680889627208,113.202103561079,148.781780595046,270.990733999472,106.707333380176,180.934256175208,90.6431169509887,87.7820686134132
"303",119.239975539121,122.964143460592,54.9370142838051,28.0543110266976,112.265081170579,148.579622708834,269.046008458504,106.108791905065,182.552738023183,89.2049573149,87.8747462710819
"304",120.861178961667,124.285120417277,54.2320379388743,27.8517628130705,112.701013981456,151.154445310739,272.613281653478,106.067709307517,181.588100176009,91.7829378673008,87.3671119277541
"305",122.203583500602,126.028851750692,55.7741544000034,27.6290947043377,114.475900958961,154.255867327177,275.403252473244,108.076690550773,186.240259730627,93.9535657337734,88.9280737799567
"306",118.069550687617,122.167154324849,55.2087282312327,27.3801596061043,111.273464552114,146.1378321721,266.847229535763,106.017080091661,179.498352853079,91.5836271217891,87.1710610260834
"307",116.329214659604,121.912334912618,54.978567320725,27.2998518114505,110.031846744913,143.506424669119,262.712817568045,105.3808159982,177.535540944054,91.94776732581,86.8465798867715
"308",113.983359596946,119.906625734965,54.5556669564083,26.070933362712,107.38144493103,137.869607250507,260.162658966505,104.173515473643,174.672754136343,89.8243327481406,85.1595602808772
"309",115.234015811573,122.143607114156,55.2071564115327,26.3221432022426,109.15345049576,141.296407244756,263.390412202248,105.323133314809,178.530268063621,91.6657431466239,86.6571722803889
"310",113.114553451538,120.396908772786,54.1955950177949,25.0905772084775,107.26811828076,139.168333860544,259.831176125086,103.7611349475,176.484487412468,91.0710750988552,85.4774195696857
"311",112.768335212361,121.827568626404,54.2495791007733,25.2574173885843,107.425497135646,138.854435289823,261.435813436141,103.575064905228,176.64591518281,92.3672203677042,85.7788494213208
"312",113.544350970875,123.377304763794,54.9332958089894,25.6502559703329,109.164290199817,141.659449430612,264.76783149059,105.996035052884,179.460310905699,94.0556415830339,86.5102871044262
"313",116.074630130421,123.673030942281,54.9933485491522,25.48460473185,108.797918991304,144.209307553218,263.28904731457,107.211776917981,180.47575666034,94.6845706190382,86.3219477163779
"314",115.12703964927,124.574081764221,55.2633355897049,26.5888417492742,109.512519084232,142.394291349558,266.570017081041,107.759183699085,179.672203926813,95.1803312642234,85.9767379760742
"315",113.190660910173,124.527152646383,54.7693810956231,26.6393833782362,108.629213521178,141.606161513695,262.935696886136,105.782470087851,178.260326294672,95.9768773487636,85.4680300532161
"316",112.816308888522,122.934238344828,53.7073072893866,26.3707610213238,108.420408665294,140.199249399625,258.122316681422,104.13296007341,177.291842021639,94.4020454202379,84.8284257940344
"317",112.280685381456,119.176158205668,53.3993828543301,25.3664484438689,106.920242430459,139.850990588848,252.37108875238,101.672338239608,174.825792675927,91.2843639169421,84.0833777350348
"318",114.21078079397,120.668259836833,53.8353318510384,25.2092545758123,106.969354125815,142.06694186284,256.779166661776,102.921875030764,174.956759740436,91.6745986257281,84.8865372941301
"319",110.815161141482,118.366199188232,53.0165249397015,23.9221093758293,104.909400362364,138.502893902705,250.505349718608,100.240745359851,172.206187959701,89.0198034558977,83.7062121210872
"320",110.975475051186,118.600166447957,53.6786873258393,23.9570933632229,105.060617601368,138.808420958886,251.178113955718,100.53282830023,171.305612140232,89.5424693652562,84.3412009574272
"321",112.531012795188,120.560974006653,54.6472267940127,23.8644656513048,106.396637762097,141.735064932016,253.226894589571,102.592152226356,175.065861929031,90.6239279338292,84.938344182195
"322",114.419818921523,122.836553395589,54.708716688485,24.4536038896312,108.576585662197,144.426479002146,259.927609076867,104.181115058161,176.829466683524,92.0958148411342,85.9257471239244
"323",114.221620126204,122.189541803996,54.6710728941293,23.8480126857758,108.134512599085,144.566214179993,257.219842974956,103.633324500053,176.985708690825,91.6026843275343,85.5517009013409
"324",114.588670817289,121.956204210917,55.2768675376629,23.7104850126349,108.896275869558,144.558374595642,260.649747885191,103.991203369633,179.416925521124,92.5925456796374,86.4409249279951
"325",117.078590436415,122.015588862101,55.8435568316229,22.9247019290924,109.221224160262,146.796679922251,265.597724520243,105.672706634768,179.410901417808,91.3266025951931,86.733690004091
"326",114.171728871085,123.26500869751,56.5180768637821,23.2735393461974,109.200485075024,143.969332695007,264.376132185642,107.326651819291,177.891678583054,92.2428363731929,86.497350744299
"327",116.578240307895,125.640311139425,57.1178468506912,24.1292921771174,110.837083816528,147.180985098619,265.839167778308,108.218105685326,182.755682914976,94.2477325711932,87.1304133647197
"328",114.125403187492,124.52525575002,57.6650840167342,23.6367134736932,109.75384962055,146.166345434922,262.090192327133,107.479687721499,180.938656216576,93.2802219731467,86.5313133549046
"329",115.948890816082,127.056610031128,57.8478470506339,23.9975241992785,111.150144590458,149.625420042185,266.714540930895,107.765030891665,184.625033075847,96.0267563206809,87.6224710103627
"330",116.744736888192,128.360409495036,58.8901161983095,24.8434283007746,112.578514945339,150.490777455843,270.882784174039,109.68218738802,185.76321828933,97.3004696369171,88.2255390270336
"331",117.660142248327,128.813987108866,58.7699603047864,24.4778929378675,113.157552853437,152.886791610718,272.480420644467,109.470960001792,187.802473855397,97.6207316602979,88.9581385432063
"332",119.619577581232,129.532739461263,59.1184967632951,24.6422191910122,114.253352823392,155.087695356516,274.420505083524,110.017529672192,189.328692784385,97.5478095667703,89.8796230522362
"333",120.357145569541,128.503439216614,58.665045409367,24.2606606898101,113.396106908019,155.040004495474,275.091810611578,108.375467854161,188.905161872743,96.4233779566629,90.1459122219602
"334",118.509010141546,129.000900433858,58.6083450646236,24.3769240897635,112.784209627501,154.532100662818,272.174045727803,107.252110327444,187.372535342262,96.6834026064191,89.5791065628464
"335",118.082933599299,129.542107747396,58.6204336758318,24.713872930278,113.238457035011,154.891516142625,274.71937076862,107.445684125347,186.247775289747,96.4870826516833,89.8082691398827
"336",117.531425129284,129.949802055359,59.101296556407,23.9913776542829,113.513308739998,154.963720688453,272.162582782599,106.891165148827,187.613720076425,97.1139334269932,89.6638850650272
"337",115.64289821278,128.252949078878,58.7175427469714,23.379170169001,111.510472687197,153.246252103952,267.389737624388,105.383806966966,184.785119117252,95.9538729531424,88.540746379543
"338",115.435150883415,128.928945274353,59.037197409005,23.6584491004115,112.231286532442,153.431565988981,271.27094571407,105.712719486606,185.543127771408,96.0145887306759,88.4687459791029
"339",114.664350249551,127.724878311157,59.0558735419964,23.0888906147169,112.29945808733,152.433359190134,268.277765870094,105.491390197508,185.00680831122,95.9402002266475,88.6132186683449
"340",114.462619521401,128.379383799235,59.8422977842134,24.1077639745629,113.110998301439,152.200247823275,266.924405666498,104.43495381263,189.753486754402,96.3570403712136,88.1706538329253
"341",115.046865419908,129.322733612061,60.0713884090555,24.2133899564328,113.328575510374,153.034195342431,271.180657130021,105.029236301299,190.5270774478,96.9102126189641,88.4349610612199
"342",113.317006761377,126.415868975321,60.0353387964183,23.1993924016538,110.547501550594,149.18313101255,263.130734306115,103.96195894672,188.273951409355,94.4609201976231,87.1646549637253
"343",113.827653884888,124.150442555745,60.0217108562075,22.9989313664644,109.300847577377,148.395684895149,260.377484257405,102.93329158906,188.220209167117,93.430537530354,86.8349096452868
"344",110.67772210728,120.905128517151,58.1625898624288,21.9818407867266,106.149500618518,143.20405495717,253.939232211847,100.367095055119,181.47704717848,90.9399187224251,84.5419711551151
"345",112.767694126476,122.40167523702,58.2703075408936,22.6214610908342,106.460317222165,145.778729336078,255.092754749151,101.120031910558,180.606246403285,93.2873628820691,84.5908869666023
"346",111.506689895283,122.021073900859,57.8107075197943,22.6960295801577,105.883425833474,143.580122786302,251.857934997632,100.767127406213,179.622292730543,93.101889371872,84.019418252481
"347",111.51027172262,125.246834322611,59.1087755334788,23.4784691955732,107.81070514464,144.772165657924,254.451154846411,103.108930987697,183.134614626567,96.0167243480683,85.8367711660024
"348",112.970770749179,128.909311396281,59.949318655606,23.3384193959443,109.873941797606,148.25126209259,260.66607942948,104.893815502044,186.920266242254,97.3467214788709,87.1274189304661
"349",117.626661690799,128.283516489665,59.1332130432129,23.371808881345,111.71705215078,153.443102587186,266.11683680461,105.829907817225,195.152097868541,94.9919989109039,87.297120480924
"350",120.63235837763,130.416846898397,59.550804072413,23.290366794752,113.833452251596,158.399319443336,270.875439717219,106.083780965497,196.900198512607,98.5471777915954,88.2881997082684
"351",120.445091074163,131.298886604309,59.2980384497807,22.6785573337389,113.268205723292,159.559594638531,268.916077595491,106.00318471847,198.059853054228,98.7881324291229,88.9022743637498
"352",117.492978442799,134.799622357686,60.7468607343476,26.3296988528708,117.560014039698,158.229781517616,271.275649905205,107.728313261463,195.762196571108,101.088299308504,87.9007400821995
"353",118.106267885728,136.227420260111,61.7230842524561,27.1613850593567,117.92190308638,154.651433123075,272.490441808334,108.502397937159,194.207551623148,102.304339204516,89.2231792759251
"354",119.63447562131,135.534246610006,61.6763910096267,26.9666880110036,118.233411077043,159.064087368892,276.188961194112,109.531229757493,195.194663774399,100.93016399656,89.8720694361506
"355",118.806452317671,133.997721964518,60.6036249358078,25.8951038277668,116.246019121627,157.046328764695,270.617845792037,108.479226266184,195.445010987539,98.7332101208823,89.7765013205038
"356",120.187911380421,136.564332402547,61.3021914054608,27.1365374689517,117.76004812751,159.128329174335,275.88579760148,110.563115058407,198.022548221407,100.394920621599,91.04016468976
"357",120.716129909862,139.250480308533,62.0871687921985,28.8201141357422,119.51833985557,160.33992099762,279.888325379445,111.082713034845,198.065550062392,102.760094744819,91.9649401484309
"358",120.56032779,138.615706977844,60.6902929832195,29.222539341968,119.120103553987,160.413161982023,278.210806965828,111.058350716868,196.611760835799,102.449874673571,91.3914201066301
"359",119.96553143588,138.360290145874,59.3731911757897,28.4631680405658,118.098283163259,158.812837263254,277.900104027528,108.950155196651,192.310530556573,101.77469761031,90.3981349532669
"360",120.973951946605,139.171793556213,58.7747385090795,29.0098491129668,118.67522615782,161.291525444618,277.136577000985,109.028450658244,192.084515919761,101.972576550075,90.5044948474781
"361",121.323866323991,137.847198753357,58.8902135717458,28.861859238666,117.919256975953,160.4905431454,274.459991537608,108.445322621253,192.045787296598,101.688585826329,89.9566298819877
"362",121.140574195168,139.782996355693,59.0104838404162,31.1709797693335,119.056431085291,161.576695354168,276.950128867076,107.623563828007,191.888292161245,102.951540129525,90.2486985696329
"363",122.864792477001,141.828312352498,59.6130056710079,32.7591559575952,121.648366310227,162.536547851563,279.623723763686,107.270906294546,190.731453547402,105.803629057748,91.4402055482607
"364",123.016978610646,140.659482917786,59.7276343312757,32.0761123532834,121.601132648092,162.643131006681,277.978115035937,107.29787475832,190.136458442325,104.37969831058,91.6630850611507
"365",123.307219592008,140.698552678426,59.1130477313338,31.6589287260304,121.592566127508,164.585950572674,279.018787255654,107.019424223131,192.466962481302,104.81675689561,91.7029341620368
"366",123.713884353638,139.417075767517,58.3387576793802,29.7466164879177,120.63869658994,164.883600146954,275.508727798095,106.653799733808,194.009341482132,103.727785076414,91.7628810985668
"367",126.095536318692,139.642925669352,58.7248284898955,29.8343344564023,122.377481259091,166.159610557556,278.351786567615,107.796777233001,195.655062524099,105.039710726057,92.5308643031765
"368",126.801853266629,139.102634747823,59.0510768890381,30.7229630636132,122.616459779336,165.31541250669,275.337558902227,106.623862420359,195.791519316416,103.65385900225,91.6006546536007
"369",126.368448170749,139.333438720703,58.4107276982274,31.2068050840627,122.951108005685,165.710991727389,279.173810692934,107.436259700406,195.611648181128,103.261574029922,91.812523764533
"370",126.688284267079,141.103273493449,57.9126245564428,33.3351774008378,124.147598065121,168.576046767602,280.785319603407,108.898580551147,197.666685240609,105.526020765305,92.2709286148483
"371",128.406849601052,140.363066940308,58.1613975393361,32.4505309643953,123.960690847585,169.55730872521,281.036826417996,107.947061723278,196.143908319019,104.877826588494,91.966125797581
"372",127.345403324474,141.221219711304,57.9219951958492,32.8759441790373,123.984288094749,170.896911826501,277.752955418367,107.243646683232,197.951524219816,105.439163446426,92.3032140989561
"373",125.111196431247,140.963024749756,57.8010799144876,33.0780721125395,123.066755979834,167.535663516705,280.043855593755,105.887312766044,195.920041462732,105.219003541129,91.937652072391
"374",126.392158855091,139.895588302612,57.4711270496763,34.3201420825461,122.997586653266,167.694936488225,279.414065287663,105.405306047009,196.280598352826,104.094887460981,91.3548008686787
"375",127.215738296509,140.304690551758,57.494503711832,33.8090350524239,122.249707933883,167.593362485445,278.120498593037,105.483261200689,195.112154143197,103.627461126872,91.4644250612001
"376",127.501235788519,138.979549204509,57.1853888939167,32.5923244020213,121.547205387706,168.776207645123,278.501343296124,105.035902761644,195.387255804879,102.063638721194,91.2144858386065
"377",128.219365813515,140.835276438395,58.2517597264257,33.422031879425,123.225964922301,170.460100041903,282.132967756345,106.587626457214,197.572624342782,103.8828359672,91.5940399685422
"378",128.376246625727,139.808954035441,57.4554380548412,33.1546993877577,123.708317917837,171.472353583116,284.591509241324,106.304703466354,196.030546309456,103.390785591943,92.0098625389305
"379",128.93247274919,140.690856755575,57.807371303953,32.9061658900717,124.713258488078,173.024373289255,289.58137353567,108.10018333312,199.065409085107,104.348383392606,92.6798867921571
"380",129.455295996232,141.012602361043,57.2584991455078,32.3880498927572,124.150130016703,174.034162609394,289.562069828694,106.329870623927,199.865404870775,105.155694007874,92.4633075611012
"381",128.595645471053,140.520508626302,56.3662017624954,31.7827355550683,123.789299655968,172.709104303213,288.571252942085,105.75465239248,198.236017999195,104.683174814497,91.6988023809484
"382",127.537032387473,140.379911066691,56.2326923896526,31.2352023539336,123.284816822536,174.089380909846,287.498651449497,106.503413784889,198.237299586099,104.303626162665,91.2304599349563
"383",127.665323430842,140.840754839579,56.099924251951,32.2218646173892,123.511538707035,173.166260073735,287.458391703092,105.334782108184,198.338009713188,104.276443243027,91.6902156520534
"384",128.132109902122,141.156695302327,56.5096940007703,31.9940840472346,124.229083907436,174.133461820162,288.699107591922,106.193819661294,198.778024734013,104.857056515557,92.0416280901109
"385",129.205807685852,141.223898213704,56.7799123895579,31.6307827286098,124.723829161953,173.927606714689,288.417411033924,107.061755487996,198.294010389419,104.679578133992,92.5512907182849
"386",130.219580823725,139.888168271383,56.8228665713606,31.4688101436781,124.284198774418,172.591072463989,287.584107050529,106.298741217582,198.75875253526,104.170076710837,92.4049402700888
"387",129.55829559673,140.80016553243,57.1047316584094,32.2461375360904,124.950404946233,173.886471704336,288.388286939034,106.549693476769,198.626814615159,105.488016673497,92.2545492326891
"388",131.031774780967,141.633813400269,58.0481183939966,31.9597405972688,126.753621867005,175.070518992497,288.339179570858,108.031044929258,200.676672375391,106.049755607333,93.0105338225493
"389",128.195267850702,137.783381182353,56.720648568252,31.9663952951846,124.777505700017,172.017634641207,283.291069516769,104.415090560913,200.04518051753,104.546739271709,92.1261381200842
"390",128.21502867612,139.081985295614,56.6036257250556,33.6787703140922,124.510103601805,173.617613484309,285.046243300805,104.137912011916,201.91718222603,106.928532804762,92.2403160301414
"391",126.867474035783,142.188834838867,57.7145502156225,34.7456047016641,127.628789928597,172.595645479056,288.5295284528,103.525705706689,205.465259885031,111.776737008776,93.082177703445
"392",128.407009211454,143.639094378153,56.5739114037875,35.5391714054605,129.057827103306,176.942542721675,292.03072479138,103.778286164807,209.224062874204,112.977406093052,93.0925740937929
"393",128.870147531683,143.324752438863,56.9688119888306,35.1781053543091,129.328760899289,178.645133532011,292.863688725691,105.043411531756,211.046894103762,112.350021941321,93.4437886830922
"394",127.730037342418,142.952131627401,56.5024192086582,35.6718182563782,128.702627195439,178.612379528926,292.93762415189,103.468295774152,210.851001860603,112.463217633111,92.579760164828
"395",125.541221271862,144.374052670797,56.2628188297667,37.2148141860962,129.235526071468,178.381675353417,293.958949987705,103.481198772307,208.760592112466,114.114612919944,92.4654947229334
"396",126.092052199624,143.003689460754,57.2875325104286,36.5856468781181,129.048326452013,177.822490824186,292.00408082742,105.035000770323,208.64845445421,112.651739937918,92.5558194856386
"397",125.346567587419,143.129163004557,56.8803671146262,37.5742077620133,127.242366723611,178.306374623225,291.814382828199,105.403105981888,207.587378683544,112.022183418274,92.0893524788522
"398",125.713172565807,141.218334248861,57.6364501098107,36.1780144028042,126.311586165092,176.7635021063,290.222318685972,107.053746254213,208.462452903626,110.891118832997,91.8840449049667
"399",126.944670243697,141.852422981262,57.2556544994486,36.9236109775046,126.977461949201,179.844632486197,294.58973800219,106.727888630282,209.728273845854,111.096623046058,91.2843683088148
"400",132.718370004134,143.034526112874,57.5823820377218,36.9113082885742,127.646705197616,181.851178521376,299.391331929427,108.867129110521,212.334311530704,111.404332910265,91.680744944392
"401",132.80141136863,142.24451713562,57.1729330523261,35.7615305237148,126.64175057747,182.065929500873,302.434896615835,108.438111151418,210.804047433157,110.201731341226,91.6492767849484
"402",131.73821145838,142.133696975708,57.2126514500585,35.80221232124,125.428412195662,180.940547693693,300.910422673592,108.523628880901,209.86976225414,109.562109606607,91.5412570850269
"403",131.959639722651,141.122930831909,58.1333886508284,35.3286059628362,124.537379117079,180.857306700486,299.628675570855,109.230876553443,210.673855826968,109.120085580008,92.2236925589072
"404",132.58950883692,139.010988477071,57.6872999257055,34.480749938799,123.916364226543,179.465143203735,298.144459834466,110.248649012658,208.525005370852,107.298842055457,92.7688218709585
"405",127.420223582875,135.567074712118,56.6355775635818,33.8858435464942,120.707077496488,173.611072041438,290.203051420359,108.802484943021,201.417279546223,104.215217556272,91.4502561414564
"406",130.37545785037,137.688889312744,57.1235792883511,34.437749095585,122.922152949051,176.364118444003,294.757634107883,109.309262983261,205.310698357839,105.505774736404,91.3008197062724
"407",126.740838224238,134.98188311259,56.8585321492162,33.286320147307,120.683123293057,172.022679446294,288.709350035741,108.602064901783,204.299417828757,103.740151575633,89.5011417285817
"408",128.127363638444,137.157540257772,57.1178223511268,33.5620385460232,123.139355726645,176.86200972337,294.304540395737,110.915695098139,206.241472804357,105.692980323519,89.6975094563252
"409",130.664525378834,139.586627019246,57.4671054379693,33.9118960007377,125.961046971066,180.285908097487,299.058401768024,111.457116988397,208.47429404183,106.779209273202,90.3906411866884
"410",129.479124329307,139.60605662028,57.250149759753,35.6394030944161,125.377082757547,178.813228416443,297.746345373301,110.850532347156,205.45649374099,107.062335014343,90.5509845630542
"411",131.488934777,141.350648574829,57.6933339217613,35.9248813960863,128.015020934629,181.199330417927,301.874846806893,111.344676263871,208.339232581002,106.246714353561,90.9695173727499
"412",132.514755162326,142.270224965413,57.9849280653329,35.9834884353306,128.280447691259,180.984534395658,306.472288535191,111.745626818749,208.369252674163,107.49136870248,91.8539533357363
"413",133.289941267534,143.750533955892,57.3635779413684,37.6465899426004,129.323577477898,183.918435052725,309.292432253178,111.708004243912,209.247013092041,108.626409598759,92.7082308176401
"414",133.458371942694,144.153424275716,57.5007930952927,37.0175966179889,129.278519603568,184.399076094994,308.762936335344,112.264756571862,209.574015511407,108.128669943128,92.9789822552655
"415",134.218557704579,143.788088226318,57.8977299394279,37.9023370742798,128.851943821974,184.499060616126,309.209824763811,113.015872278521,209.980948978,108.39882516861,93.0930643854914
"416",134.518445101651,144.007862675985,57.5086013530863,37.3696262110834,129.348418249211,188.324286607596,307.858242126611,112.438994130781,211.256539390201,108.88304414068,92.4104009576746
"417",134.518191597678,144.820682703654,57.1377803539407,38.0082560414853,129.965304025462,190.073415536147,307.657352319131,112.267852629385,213.702477621654,110.46190237999,92.7422347197661
"418",134.346515308727,144.016712468465,56.638497648568,38.9708923671557,130.927887849405,189.970675321726,307.092029296435,110.757381962192,211.206136794317,109.979861940656,92.3382950860101
"419",134.45906422355,143.683410593669,56.7377626155985,39.3888901834902,130.797464290135,188.19431215433,308.996977384274,111.024287408398,211.160644682627,109.597286530903,92.6554144266489
"420",133.783361781727,143.458401616414,57.0289020867183,38.3167212942372,130.238473193746,186.807178013141,309.846655827302,110.719245910645,209.475383607168,108.561860357012,92.799906498677
"421",132.653798103333,145.763035939534,56.400056608792,39.1641833263895,130.844838155827,188.405467209449,311.433671327738,110.692087050407,207.946786274986,110.622484207153,91.7185120969206
"422",132.053855202415,145.254911931356,55.2393552845922,40.4497036726578,131.199201959959,182.866575593215,309.461814733652,110.720642366717,204.875448453994,110.456177983965,91.6877977525866
"423",133.367903969505,145.573507410685,55.9327769443907,41.3139745463496,131.688003096782,182.034031559871,310.170860950763,111.16942950218,204.434938112895,110.99790249552,91.6062022028743
"424",133.950000502846,147.428260294596,55.2477645874023,42.8177355061407,133.985741225766,186.149863345806,313.961471209159,111.14387336854,205.495132431151,112.700251374926,91.4296416720828
"425",131.094521695917,144.457857259115,54.6350858951437,41.8215115174003,131.49315421682,177.997931671143,301.149212158643,109.892877794081,202.350000426883,110.191308396203,90.2327640636547
"426",131.521631847728,143.719614435832,53.432736232363,41.0065853284753,130.47577843196,179.6402369866,304.400800301478,108.425374646341,201.866530933077,109.403708117349,89.2312464842925
"427",134.694934584878,147.698676528931,54.5092713915069,41.9286229921424,134.213122408155,185.372062507043,308.919223326903,108.481783128554,205.261485054379,112.032211065292,90.1094468606484
"428",134.063802112233,146.989386927287,54.3610910547191,41.591573342033,133.762917773824,181.456975115263,309.448694174106,107.896636163035,204.033607785664,111.999157054084,89.4673874829266
"429",131.18066258864,146.255572535197,53.799863650881,42.4392678219339,132.290703545154,176.103173475999,302.479740179502,106.586368160863,198.790874526614,111.086397000722,89.2013653420113
"430",130.478351766413,143.306970774333,54.0524768829346,43.5633827707042,130.182434726769,169.40753571437,296.420823060549,105.45834359815,195.658986591157,108.793247699738,88.4902044244715
"431",133.058780843561,147.419425201416,55.1920315643837,45.2498494853144,133.420359947312,172.468743999188,304.453865729846,106.845626677236,199.56573978303,111.079857349396,90.3336394541973
"432",131.408818591725,148.342597732544,55.9155868004108,45.1390263930611,134.526338980231,166.527788294279,308.796739339828,107.407461504782,197.095660043141,112.726439101355,90.659010912921
"433",132.512743082913,148.138114471436,56.3339375463025,43.9285736913267,134.656919103273,172.958749052194,311.77425628442,108.785006984588,199.735528416104,113.23268859727,90.9109798637596
"434",133.287124286998,150.270483652751,56.7810459794669,45.0039613143258,135.997363466612,171.837814096304,315.091319340926,109.91327171941,199.745698792594,115.023818867547,91.9850494797166
"435",135.497379302979,151.078222376506,56.5495992857834,45.517963906993,136.129860555622,176.946815740145,313.700054700558,111.483108920436,203.036335687789,115.394180161612,92.1426000852843
"436",135.422793735157,152.776411132812,57.3846279012746,45.4349050936492,136.878577957691,175.302033703144,313.908388137817,113.551066767785,202.928959710257,115.573316710336,92.7584823917699
"437",135.962520686063,154.239657084147,58.3829174699454,45.1662373750106,137.176223163873,178.798003314092,320.124699317492,114.931788229173,205.792150118994,115.77319414275,93.1207887804186
"438",137.579317526384,151.883280131022,58.4494231322716,43.8500973660013,136.176485169102,179.241878509522,316.712796523021,114.723314777497,204.296494529361,114.474846158709,93.0358842901281
"439",137.302443937822,153.084167785645,57.6006596992756,44.4488081724747,136.445167702688,179.671480486943,319.949416270623,114.03117333689,204.146457656981,115.141928230013,92.8888661668108
"440",134.888336528431,152.454119466146,57.5829577939264,42.1423379649287,135.488520259589,174.768209031912,310.441412247144,113.325384816816,202.513605420552,114.821760279792,92.1073015573863
"441",135.96998760917,151.775343195597,57.8256618565526,42.4460331046063,134.351875546952,175.948077744704,310.553908476463,111.774648420272,204.026641936529,114.039345366614,92.8891330409695
"442",137.558968977495,151.698962275187,57.593675481862,41.8882410215295,134.009895714236,178.783913406959,311.418929173396,113.088533955236,206.115258110894,113.804380757468,93.8075961551151
"443",136.915624965321,149.063372065226,58.4358378772078,41.1354565413102,132.950584048956,176.773828345079,308.015904903412,113.644760316418,203.572688057309,111.619028942926,93.9149424578692
"444",133.708406014876,149.917581329346,58.6741080119692,42.1993051611859,133.364835389903,175.175223291837,307.615961129849,112.95881477479,202.520526583233,112.614003317697,93.4987112509238
"445",131.981373353438,151.880347366333,59.2568896721149,42.377711876579,134.423867131623,175.570471059359,312.039832830429,113.852903058452,203.421170507159,114.862912416458,94.6005093342549
"446",130.772302194075,154.889629236857,59.4065239347261,43.5111418185027,136.991006998949,182.367125100356,319.121745696435,116.438949923361,207.758702929058,117.527022804533,96.3448303841256
"447",131.278245839206,154.357506612142,60.0676025522167,42.780285379161,136.436371695827,180.192982306847,317.163121718627,116.101136238344,207.339017005194,117.051959923335,97.0015701087746
"448",131.299488414418,154.946459986369,59.5416329153653,42.529754306959,135.759795632161,179.688149408194,318.341193290857,115.46149986021,205.800011861892,116.96314743587,96.4175579998945
"449",131.358015147122,154.85010576884,59.8463559972829,42.2322944558185,134.860283435231,183.521558380127,318.074618926415,114.987872092955,207.177080926441,116.065826075418,95.6929330568056
"450",133.408757643266,155.806908874512,59.8119441723001,43.7366642744645,137.363839109179,188.238435334426,321.994337852185,116.657701153909,207.708139237903,117.053000722613,95.8689387553447
"451",134.636494896629,157.682781041463,60.4406739925516,42.1274320353632,138.748461280071,191.3100865144,325.191690591665,117.389241372385,209.831055126493,118.577789817538,97.049418165877
"452",135.412140586159,157.374047241211,60.7080705248076,42.0767359526261,138.768638369063,190.353887572655,327.839423949902,117.594782798521,210.52700033642,118.972798688071,97.3283837808145
"453",135.541165611961,156.277014389038,60.5990456548231,42.3389339447022,138.835891266944,189.679027982859,325.858035105925,117.805703593839,209.276364069136,116.818475723267,96.968292339428
"454",136.05821167339,156.842080052694,60.4319411968363,41.6701225197834,139.614897472758,192.393471409724,326.639630757845,117.374586259165,210.728299458822,117.133721215384,96.8568246171281
"455",135.94471133839,158.165827865601,60.3802385001347,41.3666618181312,140.701931402717,193.270677082355,332.11723782466,117.493566328479,213.709372596135,118.440869467599,96.7988833865603
"456",135.795713251287,158.871677881877,60.5243428986648,40.9101325739985,141.408053478725,192.669675533588,331.776934128541,118.191391329611,213.606322137136,119.033343757902,97.3670830597749
"457",135.817085786299,158.208518397013,61.2044217011024,40.9276397539222,141.047443470485,193.307324160062,330.335743573996,119.395613362712,215.361835464599,118.330540418625,97.1577019562593
"458",134.388060049577,158.257776896159,61.5323996379458,42.3308600550112,141.266946215025,191.834846320519,330.671430954566,118.337631440932,215.085376149132,118.969341005598,97.1334418219489
"459",136.308152805675,159.165667495728,62.2317419709831,41.9670877871306,142.487865421134,194.810286111098,332.039752960205,120.868514153265,219.562058993748,120.028436490468,98.1505805350639
"460",136.431811592796,159.760809911092,62.7171844613963,41.482646237249,142.927407640806,194.700606918335,337.217407134863,120.825364881946,221.174668841892,121.586239882878,98.9890422305546
"461",136.399210756475,158.664570414225,62.4910807773985,41.4225854459016,142.412565889493,191.664911064735,336.210220905451,121.444443948807,220.59156140827,121.356814554759,98.7212325431205
"462",135.759643294594,157.169187367757,63.435954389901,40.2245317542035,141.053015628331,190.247763663072,330.402660241494,122.91430334891,220.670941822113,120.20629470689,99.2408878223316
"463",134.600456844677,159.069338531494,62.991054008747,40.7965117744778,142.45375231622,193.043475429828,329.42271071214,123.416233831836,223.859493664333,122.415460484368,99.8176902564796
"464",134.498666850003,158.853300704956,62.5308216686907,40.3268426397572,141.275559801451,191.593392269428,329.510324716568,122.975255043276,223.439829569014,120.795729841505,99.173963495203
"465",135.211824243719,160.61583539327,62.335158808478,40.7916317815366,143.672753320613,194.853580504197,332.410413521987,123.551282082835,225.881239997016,122.77271938324,98.8061731699351
"466",135.541134227406,160.131374409994,61.99909049067,41.1996314836585,143.696051919964,196.813843052204,333.98041668305,123.65299646316,225.64983478425,123.609940733228,98.0160080162254
"467",135.495847702026,161.073578618368,61.4475728725565,41.8122384444527,144.281131274264,196.209540103032,336.306174736757,123.596591149607,225.081260968768,123.500115564891,98.0184091104043
"468",135.850164326754,160.312964452108,61.3222145212108,43.4450738326363,144.493970776947,194.241454681983,337.601724037757,122.598574546076,224.067556578016,123.778524500983,97.8570630872572
"469",138.504756754095,161.825216369629,61.9677042467841,43.8906646396803,146.37392537023,193.42956974323,339.409155955681,123.342420762585,223.192566281273,124.955320119858,99.1312856931944
"470",138.046014265581,160.335133209229,62.5408468904167,42.8314463573953,145.454085793294,189.767539743277,337.911157846451,124.360510979929,221.887509527661,123.668854815619,98.7826537054938
"471",137.124683293429,161.659293721517,62.6133131487616,44.1543667420097,146.118968506934,188.130844673744,340.353534735166,123.522412515456,222.940928943573,125.138112817492,99.2413416682063
"472",135.251992138949,162.194359461466,62.5147357480279,43.9309769920681,146.179965005794,185.408400858366,337.754454007516,123.009927195887,221.240357868255,127.124295098441,99.1772261954643
"473",135.168888265436,162.224973653158,61.6045293150277,45.4601104985113,146.229996103636,185.575383670513,337.12783738283,120.98605082112,221.051905601744,128.314793178013,99.1705347009607
"474",136.005536859686,163.010121231079,62.1129652549481,45.5470622104147,147.368542523451,185.789583088801,334.82279586792,121.887600529578,221.342066779969,128.775953054428,100.403495479274
"475",138.156972711736,164.652791239421,62.2007478187824,46.5616266001825,148.099760471935,187.770065615727,340.082290447675,123.467269036078,222.926665079026,129.99540741103,100.560734723065
"476",136.201704545455,164.416571807861,62.988561728905,46.4693318242612,147.286902723178,182.904425474314,337.387012206591,124.032658515438,221.06550477043,129.531730140959,100.898774224359
"477",136.065543261441,162.310216547648,62.0532650783144,45.226738307787,145.29314426637,182.852251126216,329.946231805361,123.004681833329,219.288172721863,129.777282612664,99.655041771966
"478",133.680351604115,157.837616246541,60.6623197424001,45.3563986653867,142.745775652603,177.146730334942,317.993534638331,120.135615841035,215.973913798257,126.461741651807,97.9934932605641
"479",134.311858263883,161.006380284627,61.7750686119343,44.5563852890678,145.197665604068,179.225453274067,324.570277067331,121.622771355414,218.315913957263,128.846288987568,99.2385278650233
"480",137.019892085682,163.276914978027,62.0392793129231,46.2280998644621,147.079229341426,183.763511599027,329.536485745357,122.703674993207,220.219279319521,130.130833319255,99.7585505923709
"481",135.053314815868,162.647625808716,61.5124913906229,47.3328449000483,146.556725300534,182.282858892587,326.398242198504,122.665821813768,218.737723411076,130.613379103797,99.5117018416121
"482",134.220149387013,160.128109207153,61.4960042361555,46.3910402629687,144.888409654859,181.178989351713,321.632258323523,122.999738724001,218.390623259166,129.108464411327,99.1493029207797
"483",134.659814574502,159.194222895304,61.4201895286297,45.2496961925341,144.228170972475,182.759991323031,319.460346973859,122.403781460177,218.268063817705,127.322362354824,99.0884733457823
"484",137.379639018666,160.045119527181,61.8129190905341,45.0711917047915,145.278401361385,187.208290408208,321.809640976099,124.081159899312,221.498750504993,127.21867455755,99.8284651266562
"485",136.972798260776,160.514824473063,62.1651135148673,45.1332214604253,146.000235611284,186.316348369305,319.701115058019,123.767250153326,221.541690114945,127.603884152004,99.9976246808026
"486",138.951390266418,161.698028615316,62.1179990439579,45.5320022831792,146.726932418178,189.337443659856,321.210864488895,125.007483451597,222.28166424282,128.576621225902,100.055513021108
"487",138.366537701,161.311454772949,61.404511221524,44.5402875153915,145.849492892413,189.761323679411,324.598091804064,125.637293077284,222.239966468206,127.448713200433,100.219776772164
"488",138.866225849498,161.869527816772,61.3807529252151,45.1385157211967,146.15221528604,190.151292272715,326.075003844041,125.852436680948,221.540150975424,127.698345593044,100.154702882509
"489",139.317073908719,163.809113972982,60.9655578547511,45.4849881296573,147.25970046621,190.070915148808,327.11420741448,125.513820402084,222.607090162853,128.819028207234,99.6812114200077
"490",139.018233646046,163.822062352498,61.258820895491,45.491687277089,147.537889413431,190.744963191106,328.347460526687,126.452336680505,223.133187702724,128.419965165002,99.6819313667916
"491",138.676448908719,164.323647740682,60.9745953329678,47.5749059760052,147.456611136316,190.038390849187,326.722330881999,128.305399310204,220.410292035057,130.030869007111,99.5857341869458
"492",137.551731283014,163.934948018392,61.2992264320111,48.4621440224026,148.261820363327,190.470147675734,324.89574098587,130.333219835835,219.154746358357,128.845259972981,100.126010894775
"493",136.372332659635,163.486301091512,61.7438947085677,48.6080025382664,147.885605973257,188.430890376751,321.231002972676,130.580265198984,219.174294850183,129.111184290477,100.628158981736
"494",138.088333823464,164.418196665446,61.6792033951858,49.0895045736562,148.525039578827,192.077981728774,323.153163304696,130.868263613793,220.865044124543,129.206473282405,101.01160698968
"495",138.480858109214,163.072322438558,61.8154997661196,49.1392899803493,147.466846063103,190.956793873127,322.961717183773,132.202252972511,222.628146459186,127.857493128095,100.634439932333
"496",138.162594101646,164.003055979411,61.3087956001019,49.4489549553913,147.441234669215,191.060414945162,325.14605817428,133.470909241707,223.058718529959,128.567802906036,100.1566681733
"497",137.727075836875,162.583358179728,61.8681672194908,48.8844344097635,146.472719783514,190.932487253042,322.887149884151,133.451727036507,224.486237450251,127.547303131648,99.3325825253048
"498",138.277051838962,162.215950215658,62.2283201875358,48.6871663798456,146.062900476053,193.801121388949,319.146959011371,134.851508786601,228.882751313467,126.495686735426,99.7093139854638
"499",138.736648039384,162.758084920247,62.4158740208067,48.6574355001035,147.178427064922,194.821689458994,322.431160926819,134.433507919311,228.165733655294,127.057316405433,99.9194031792718
"500",139.829815691168,162.105053507487,62.4667028558665,48.4300461230071,146.927749083076,196.381369077242,321.956117079808,135.123755547308,228.910792123704,125.281871386937,99.8293093088511
"501",138.504315983165,162.877561340332,62.6782307789244,49.1575783853946,147.606805626775,194.754522484999,322.222574930925,133.587675463769,228.960679977659,125.351283175605,99.572868244068
"502",137.48606933247,161.213760528564,61.6610313283986,48.8924853283426,146.550653672554,193.853206121004,320.565545173792,132.766517577633,228.042020389012,123.906353950501,98.6166856095598
"503",138.405591878024,159.297726923625,61.8859369343725,47.0063544563625,144.74667606891,195.646813994188,321.261137045347,133.363678655317,230.623261436583,121.567089353289,98.6879666302655
"504",137.593521291559,157.594214604696,60.1795954539858,45.7747233017631,141.743849727469,193.256911835304,321.032355070114,131.957392384929,228.283008151584,119.626992804664,97.1758240364693
